customer-id,first-name,last-name,country,state,city,score
C0001,Sara,Moore,France,Île-de-France,Boulogne-Billancourt,32
C0002,Adam,Moore,Canada,Ontario,Toronto,87
C0003,Amira,Martinez,Turkey,Istanbul,Bursa,5
C0004,Amira,Jaziri,Tunisia,Tunis,Ariana,65
C0005,Sara,Garcia,UAE,Dubai,Dubai,92
C0006,Leo,Martin,Turkey,Istanbul,Bursa,76
C0007,Ahmed,Clark,Germany,Bavaria,Munich,90
C0008,Sophia,Bernard,Spain,Madrid,Madrid,28
C0009,Omar,Mansouri,Italy,Lazio,Frosinone,13
C0010,Michael,Wilson,Italy,Lazio,Frosinone,6
C0011,Meriem,Brown,UK,England,London,71
C0012,Emily,Martinez,Germany,Bavaria,Munich,91
C0013,Mohamed,Anderson,France,Île-de-France,Versailles,99
C0014,Amira,Hassan,Germany,Bavaria,Munich,13
C0015,Emma,Miller,Spain,Madrid,Getafe,47
C0016,Emily,Johnson,USA,California,San Diego,86
C0017,Youssef,Wilson,Germany,Bavaria,Augsburg,22
C0018,Ines,Khalil,Turkey,Istanbul,Bursa,49
C0019,Karim,Anderson,Germany,Bavaria,Nuremberg,99
C0020,Karim,Walker,Tunisia,Tunis,Tunis,41
C0021,Emma,Mansouri,Spain,Madrid,Madrid,73
C0022,Rania,Taylor,Italy,Lazio,Frosinone,51
C0023,Nour,Bernard,UK,England,Manchester,32
C0024,John,Moore,Turkey,Istanbul,Izmit,55
C0025,Maya,Johnson,UAE,Dubai,Dubai,18
C0026,Nina,Mansouri,Turkey,Istanbul,Istanbul,15
C0027,Ali,Lewis,USA,California,San Francisco,77
C0028,Lucas,Brown,France,Île-de-France,Saint-Denis,68
C0029,Ahmed,Anderson,Germany,Bavaria,Augsburg,15
C0030,Emma,Clark,Turkey,Istanbul,Izmit,44
C0031,Daniel,Williams,France,Île-de-France,Versailles,59
C0032,John,Romano,Tunisia,Tunis,Sfax,23
C0033,Omar,Hassan,Turkey,Istanbul,Izmit,39
C0034,Sofia,Gharbi,Turkey,Istanbul,Bursa,98
C0035,Ahmed,Wilson,USA,California,San Jose,63
C0036,Meriem,Johnson,Tunisia,Tunis,Sfax,40
C0037,Lina,Martin,Canada,Ontario,Toronto,11
C0038,Youssef,Clark,UK,England,Manchester,17
C0039,Ali,Bernard,UK,England,Liverpool,28
C0040,Sofia,Thomas,Turkey,Istanbul,Bursa,52
C0041,David,Romano,Italy,Lazio,Frosinone,16
C0042,Karim,Mansouri,Canada,Ontario,Mississauga,3
C0043,Karim,Martinez,UAE,Dubai,Dubai,1
C0044,Lina,Martin,France,Île-de-France,Paris,5
C0045,Youssef,Romano,Italy,Lazio,Rome,36
C0046,Rania,Garcia,UK,England,Manchester,93
C0047,Alex,Martin,UAE,Dubai,Abu Dhabi,53
C0048,Omar,Haddad,Canada,Ontario,Hamilton,46
C0049,Leo,Miller,Spain,Madrid,Getafe,7
C0050,Lina,Brown,France,Île-de-France,Boulogne-Billancourt,14
C0051,Sofia,Jaziri,Canada,Ontario,Hamilton,18
C0052,Sami,Bernard,Spain,Madrid,Alcala de Henares,32
C0053,David,Lewis,France,Île-de-France,Paris,7
C0054,Ahmed,Mansouri,Turkey,Istanbul,Istanbul,22
C0055,Nina,Rossi,Spain,Madrid,Madrid,52
C0056,Ali,Brown,Tunisia,Tunis,Tunis,50
C0057,Laura,Dubois,Germany,Bavaria,Nuremberg,90
C0058,Nina,Gharbi,Turkey,Istanbul,Istanbul,38
C0059,Lina,Martinez,Canada,Ontario,Toronto,96
C0060,Lina,Trabelsi,Italy,Lazio,Latina,62
C0061,Ali,Trabelsi,Turkey,Istanbul,Izmit,11
C0062,Youssef,Wilson,USA,California,Los Angeles,87
C0063,Maya,Haddad,Canada,Ontario,Ottawa,75
C0064,Mohamed,Wilson,UAE,Dubai,Dubai,54
C0065,James,Bernard,UAE,Dubai,Dubai,86
C0066,Ines,Bernard,Italy,Lazio,Frosinone,17
C0067,Laura,Smith,Germany,Bavaria,Munich,2
C0068,Omar,Mansouri,UK,England,Manchester,65
C0069,Adam,Johnson,Germany,Bavaria,Munich,32
C0070,Daniel,Khalil,Italy,Lazio,Frosinone,70
C0071,Ahmed,Anderson,Germany,Bavaria,Augsburg,39
C0072,Adam,Bernard,France,Île-de-France,Paris,14
C0073,Nour,Bernard,Turkey,Istanbul,Bursa,78
C0074,Sophia,Jaziri,Canada,Ontario,Mississauga,65
C0075,John,Hassan,UK,England,London,12
C0076,Emma,Trabelsi,Spain,Madrid,Madrid,43
C0077,John,Khalil,USA,California,San Francisco,71
C0078,Ahmed,Haddad,Spain,Madrid,Madrid,89
C0079,Mohamed,Walker,USA,California,San Jose,75
C0080,Nour,Williams,Turkey,Istanbul,Istanbul,6
C0081,Emily,Lewis,Germany,Bavaria,Munich,46
C0082,Ines,Anderson,Canada,Ontario,Toronto,46
C0083,Leo,Wilson,Turkey,Istanbul,Izmit,20
C0084,Ali,Lewis,Canada,Ontario,Ottawa,53
C0085,Sami,Moore,Tunisia,Tunis,Ben Arous,53
C0086,Emma,Khalil,Canada,Ontario,Toronto,49
C0087,Alex,Martin,Tunisia,Tunis,Ariana,59
C0088,Olivia,Walker,Italy,Lazio,Rome,29
C0089,Sofia,Brown,Tunisia,Tunis,Ben Arous,36
C0090,Emma,Johnson,France,Île-de-France,Saint-Denis,87
C0091,Sophia,Ben Ali,Turkey,Istanbul,Istanbul,34
C0092,John,Trabelsi,USA,California,Los Angeles,77
C0093,Michael,Moore,Spain,Madrid,Alcala de Henares,56
C0094,Meriem,Brown,UAE,Dubai,Sharjah,25
C0095,Mohamed,Thomas,Germany,Bavaria,Nuremberg,1
C0096,Sofia,Johnson,Turkey,Istanbul,Bursa,9
C0097,James,Anderson,Italy,Lazio,Rome,93
C0098,Olivia,Anderson,Germany,Bavaria,Nuremberg,42
C0099,Daniel,Garcia,Spain,Madrid,Madrid,25
C0100,Lucas,Anderson,Spain,Madrid,Getafe,23
C0101,Olivia,Brown,UAE,Dubai,Sharjah,1
C0102,Daniel,Jaziri,Germany,Bavaria,Nuremberg,75
C0103,James,Miller,UAE,Dubai,Abu Dhabi,57
C0104,Alex,Lewis,Canada,Ontario,Ottawa,85
C0105,Daniel,Romano,France,Île-de-France,Boulogne-Billancourt,12
C0106,Olivia,Martin,Canada,Ontario,Ottawa,19
C0107,Mohamed,Martin,Tunisia,Tunis,Manouba,79
C0108,Laura,Williams,France,Île-de-France,Versailles,92
C0109,Nina,Brown,Spain,Madrid,Madrid,19
C0110,Omar,Clark,Tunisia,Tunis,Manouba,29
C0111,Laura,Trabelsi,USA,California,San Diego,16
C0112,Adam,Lewis,UK,England,Liverpool,86
C0113,James,Clark,Turkey,Istanbul,Bursa,79
C0114,Anna,Walker,Turkey,Istanbul,Izmit,58
C0115,Alex,Miller,USA,California,San Jose,97
C0116,Emma,Clark,Canada,Ontario,Hamilton,81
C0117,Emma,Miller,Canada,Ontario,Toronto,92
C0118,Ines,Bernard,Germany,Bavaria,Nuremberg,41
C0119,Amira,Gharbi,Turkey,Istanbul,Istanbul,30
C0120,Nour,Thomas,Spain,Madrid,Madrid,9
C0121,Leo,Smith,Spain,Madrid,Getafe,60
C0122,Lina,Jaziri,Spain,Madrid,Alcala de Henares,50
C0123,Sara,Hassan,UAE,Dubai,Sharjah,49
C0124,Ahmed,Johnson,UK,England,Birmingham,97
C0125,Leo,Garcia,Spain,Madrid,Getafe,95
C0126,Karim,Rossi,Turkey,Istanbul,Istanbul,35
C0127,Nina,Ben Ali,Spain,Madrid,Alcala de Henares,44
C0128,Ali,Walker,Spain,Madrid,Alcala de Henares,17
C0129,Sara,Brown,UAE,Dubai,Sharjah,73
C0130,Amira,Taylor,Tunisia,Tunis,Manouba,18
C0131,Sami,Trabelsi,UK,England,Birmingham,49
C0132,Rania,Miller,Italy,Lazio,Frosinone,44
C0133,Emma,Clark,Spain,Madrid,Alcala de Henares,33
C0134,Alex,Ben Ali,France,Île-de-France,Paris,45
C0135,Youssef,Clark,Canada,Ontario,Toronto,97
C0136,Ines,Jaziri,Tunisia,Tunis,Sfax,3
C0137,Nour,Martin,UAE,Dubai,Dubai,61
C0138,Rania,Miller,France,Île-de-France,Boulogne-Billancourt,99
C0139,Ali,Wilson,Italy,Lazio,Latina,96
C0140,Ali,Dubois,France,Île-de-France,Paris,75
C0141,Olivia,Martinez,Tunisia,Tunis,Sousse,49
C0142,Sofia,Mansouri,Spain,Madrid,Getafe,89
C0143,Omar,Thomas,Canada,Ontario,Mississauga,88
C0144,Meriem,Lewis,UAE,Dubai,Sharjah,6
C0145,Anna,Anderson,Italy,Lazio,Frosinone,9
C0146,Sophia,Ben Ali,Turkey,Istanbul,Bursa,63
C0147,Anna,Johnson,France,Île-de-France,Saint-Denis,91
C0148,Anna,Khalil,USA,California,San Jose,79
C0149,Alex,Miller,Turkey,Istanbul,Bursa,94
C0150,Emma,Smith,UAE,Dubai,Dubai,12
C0151,David,Martin,Germany,Bavaria,Nuremberg,73
C0152,Lucas,Smith,UAE,Dubai,Dubai,64
C0153,Sami,Rossi,Italy,Lazio,Rome,46
C0154,Sophia,Bernard,Germany,Bavaria,Augsburg,90
C0155,Ahmed,Romano,Germany,Bavaria,Munich,11
C0156,Leo,Rossi,Canada,Ontario,Ottawa,89
C0157,Nina,Miller,UK,England,London,12
C0158,Karim,Brown,Germany,Bavaria,Augsburg,32
C0159,Emily,Rossi,Germany,Bavaria,Augsburg,68
C0160,Anna,Moore,Italy,Lazio,Latina,43
C0161,Laura,Bernard,Italy,Lazio,Frosinone,33
C0162,Meriem,Moore,Canada,Ontario,Ottawa,41
C0163,Sami,Jaziri,France,Île-de-France,Versailles,95
C0164,Emma,Moore,UK,England,Birmingham,13
C0165,Daniel,Martin,Canada,Ontario,Mississauga,23
C0166,Ahmed,Thomas,Germany,Bavaria,Augsburg,17
C0167,Mohamed,Trabelsi,Germany,Bavaria,Augsburg,38
C0168,Nina,Haddad,USA,California,Los Angeles,74
C0169,Alex,Rossi,Germany,Bavaria,Nuremberg,44
C0170,Lina,Bernard,USA,California,San Francisco,15
C0171,Maya,Rossi,France,Île-de-France,Paris,74
C0172,Nour,Gharbi,Tunisia,Tunis,Sfax,73
C0173,Amira,Martin,Germany,Bavaria,Munich,72
C0174,Karim,Clark,Spain,Madrid,Getafe,49
C0175,David,Dubois,UK,England,Liverpool,40
C0176,Lina,Wilson,UAE,Dubai,Sharjah,13
C0177,Rania,Bernard,Canada,Ontario,Toronto,21
C0178,Sami,Garcia,Canada,Ontario,Toronto,21
C0179,Leo,Miller,Tunisia,Tunis,Sousse,77
C0180,Daniel,Trabelsi,UK,England,Manchester,37
C0181,Laura,Mansouri,Germany,Bavaria,Augsburg,30
C0182,Sofia,Williams,Germany,Bavaria,Munich,70
C0183,Nour,Bernard,Canada,Ontario,Ottawa,10
C0184,Ali,Lewis,Tunisia,Tunis,Ben Arous,77
C0185,Daniel,Miller,UAE,Dubai,Dubai,60
C0186,Maya,Bernard,Germany,Bavaria,Augsburg,70
C0187,David,Mansouri,UK,England,London,56
C0188,John,Ben Ali,Italy,Lazio,Rome,30
C0189,Sara,Clark,UAE,Dubai,Sharjah,35
C0190,Mohamed,Clark,UAE,Dubai,Dubai,61
C0191,David,Bernard,Turkey,Istanbul,Istanbul,75
C0192,Nina,Mansouri,Spain,Madrid,Alcala de Henares,45
C0193,Sophia,Smith,Spain,Madrid,Getafe,14
C0194,Sophia,Williams,USA,California,San Francisco,37
C0195,Mohamed,Miller,Spain,Madrid,Madrid,41
C0196,James,Haddad,Germany,Bavaria,Nuremberg,66
C0197,Laura,Williams,Tunisia,Tunis,Tunis,25
C0198,Emily,Wilson,Turkey,Istanbul,Bursa,81
C0199,Lina,Jaziri,UK,England,Birmingham,71
C0200,Daniel,Miller,USA,California,San Francisco,16
C0201,Ines,Thomas,Tunisia,Tunis,Ariana,40
C0202,Ahmed,Garcia,Turkey,Istanbul,Bursa,12
C0203,Meriem,Miller,Canada,Ontario,Toronto,83
C0204,Nina,Thomas,USA,California,San Jose,66
C0205,Leo,Walker,Germany,Bavaria,Nuremberg,61
C0206,Laura,Garcia,Canada,Ontario,Ottawa,50
C0207,Adam,Hassan,Canada,Ontario,Toronto,36
C0208,Sophia,Lewis,Spain,Madrid,Getafe,35
C0209,Daniel,Moore,Tunisia,Tunis,Ben Arous,76
C0210,Nina,Hassan,UAE,Dubai,Dubai,58
C0211,Alex,Johnson,Turkey,Istanbul,Bursa,71
C0212,Lucas,Miller,Turkey,Istanbul,Bursa,25
C0213,Lucas,Martin,Canada,Ontario,Hamilton,6
C0214,Alex,Thomas,Italy,Lazio,Frosinone,50
C0215,Nina,Trabelsi,USA,California,San Diego,65
C0216,Sophia,Hassan,UAE,Dubai,Dubai,57
C0217,Laura,Ben Ali,France,Île-de-France,Versailles,53
C0218,Youssef,Rossi,USA,California,San Jose,44
C0219,Maya,Taylor,UAE,Dubai,Dubai,43
C0220,Lucas,Smith,Turkey,Istanbul,Izmit,92
C0221,Mohamed,Wilson,UK,England,London,31
C0222,Karim,Moore,Germany,Bavaria,Munich,56
C0223,Omar,Miller,France,Île-de-France,Versailles,89
C0224,Sara,Trabelsi,Germany,Bavaria,Nuremberg,8
C0225,Michael,Johnson,Germany,Bavaria,Nuremberg,19
C0226,Leo,Martinez,Canada,Ontario,Ottawa,22
C0227,Amira,Wilson,USA,California,San Francisco,80
C0228,Nina,Martinez,Canada,Ontario,Ottawa,30
C0229,John,Miller,UK,England,Birmingham,86
C0230,Laura,Dubois,Tunisia,Tunis,Sousse,70
C0231,Youssef,Miller,USA,California,San Jose,76
C0232,Anna,Thomas,Germany,Bavaria,Nuremberg,59
C0233,Sofia,Brown,Germany,Bavaria,Nuremberg,14
C0234,Lucas,Martinez,Canada,Ontario,Mississauga,74
C0235,Daniel,Ben Ali,Germany,Bavaria,Augsburg,51
C0236,Ahmed,Martinez,Germany,Bavaria,Augsburg,100
C0237,Nina,Walker,Tunisia,Tunis,Ben Arous,100
C0238,Michael,Martin,Canada,Ontario,Ottawa,80
C0239,Adam,Taylor,Germany,Bavaria,Munich,81
C0240,Olivia,Lewis,Tunisia,Tunis,Manouba,5
C0241,Emily,Moore,UAE,Dubai,Dubai,12
C0242,James,Moore,Germany,Bavaria,Nuremberg,23
C0243,Adam,Lewis,Canada,Ontario,Mississauga,68
C0244,Emma,Walker,Turkey,Istanbul,Istanbul,33
C0245,Daniel,Moore,UK,England,Birmingham,15
C0246,Youssef,Gharbi,UK,England,Manchester,87
C0247,Emily,Mansouri,Spain,Madrid,Alcala de Henares,2
C0248,Meriem,Miller,Germany,Bavaria,Nuremberg,87
C0249,Lucas,Walker,Germany,Bavaria,Augsburg,48
C0250,Karim,Rossi,France,Île-de-France,Paris,80
C0251,James,Wilson,Turkey,Istanbul,Istanbul,83
C0252,Laura,Thomas,France,Île-de-France,Boulogne-Billancourt,84
C0253,Meriem,Gharbi,Spain,Madrid,Madrid,5
C0254,Nina,Haddad,Germany,Bavaria,Munich,31
C0255,Adam,Brown,Turkey,Istanbul,Bursa,48
C0256,Leo,Martinez,Turkey,Istanbul,Izmit,94
C0257,Leo,Taylor,USA,California,Los Angeles,63
C0258,Leo,Bernard,UAE,Dubai,Dubai,89
C0259,Rania,Miller,Italy,Lazio,Frosinone,31
C0260,Omar,Anderson,Italy,Lazio,Frosinone,70
C0261,Lina,Brown,Italy,Lazio,Frosinone,25
C0262,Laura,Mansouri,France,Île-de-France,Versailles,83
C0263,Sara,Trabelsi,UAE,Dubai,Abu Dhabi,32
C0264,Rania,Mansouri,USA,California,San Diego,76
C0265,Karim,Smith,Canada,Ontario,Ottawa,77
C0266,Emma,Hassan,Tunisia,Tunis,Ariana,17
C0267,John,Lewis,Turkey,Istanbul,Istanbul,15
C0268,Adam,Ben Ali,Tunisia,Tunis,Ben Arous,31
C0269,James,Ben Ali,UAE,Dubai,Dubai,34
C0270,Adam,Moore,Tunisia,Tunis,Manouba,68
C0271,Youssef,Rossi,France,Île-de-France,Saint-Denis,100
C0272,Omar,Miller,Italy,Lazio,Latina,29
C0273,Mohamed,Moore,UAE,Dubai,Sharjah,67
C0274,Laura,Taylor,Germany,Bavaria,Munich,8
C0275,Maya,Williams,UK,England,London,63
C0276,Youssef,Mansouri,UK,England,Birmingham,78
C0277,Youssef,Gharbi,USA,California,San Jose,80
C0278,James,Brown,UAE,Dubai,Sharjah,68
C0279,Laura,Romano,Germany,Bavaria,Augsburg,56
C0280,Meriem,Hassan,France,Île-de-France,Versailles,56
C0281,Karim,Williams,UK,England,Birmingham,59
C0282,Leo,Moore,Spain,Madrid,Madrid,41
C0283,James,Anderson,Spain,Madrid,Alcala de Henares,48
C0284,Alex,Mansouri,USA,California,Los Angeles,11
C0285,Anna,Haddad,France,Île-de-France,Boulogne-Billancourt,17
C0286,Lina,Martinez,Turkey,Istanbul,Izmit,72
C0287,Meriem,Williams,Italy,Lazio,Frosinone,86
C0288,Lina,Dubois,Spain,Madrid,Getafe,40
C0289,Omar,Martinez,Italy,Lazio,Latina,28
C0290,Alex,Martin,USA,California,Los Angeles,45
C0291,Emily,Haddad,Turkey,Istanbul,Bursa,74
C0292,Anna,Hassan,Canada,Ontario,Toronto,78
C0293,Sara,Khalil,Germany,Bavaria,Nuremberg,90
C0294,Sophia,Johnson,Germany,Bavaria,Munich,24
C0295,Maya,Mansouri,USA,California,San Diego,95
C0296,Amira,Moore,Tunisia,Tunis,Bizerte,28
C0297,Leo,Miller,Spain,Madrid,Alcala de Henares,21
C0298,Olivia,Moore,Italy,Lazio,Frosinone,100
C0299,Amira,Trabelsi,UAE,Dubai,Dubai,21
C0300,Lina,Anderson,UAE,Dubai,Dubai,35
C0301,Anna,Rossi,UK,England,Liverpool,54
C0302,Rania,Clark,Germany,Bavaria,Augsburg,15
C0303,Anna,Haddad,Italy,Lazio,Frosinone,87
C0304,Nina,Romano,UAE,Dubai,Sharjah,40
C0305,Karim,Brown,Tunisia,Tunis,Bizerte,8
C0306,Rania,Dubois,Tunisia,Tunis,Ariana,99
C0307,John,Dubois,USA,California,San Jose,16
C0308,Nina,Moore,Tunisia,Tunis,Manouba,23
C0309,Lucas,Garcia,USA,California,San Diego,65
C0310,Michael,Mansouri,Turkey,Istanbul,Bursa,95
C0311,Anna,Ben Ali,Tunisia,Tunis,Manouba,10
C0312,Anna,Martinez,Italy,Lazio,Frosinone,91
C0313,Daniel,Haddad,Spain,Madrid,Alcala de Henares,3
C0314,Ali,Lewis,Italy,Lazio,Latina,59
C0315,Amira,Williams,Italy,Lazio,Rome,32
C0316,Maya,Romano,Spain,Madrid,Madrid,51
C0317,Sophia,Martin,Germany,Bavaria,Nuremberg,100
C0318,Youssef,Romano,USA,California,Los Angeles,68
C0319,Sofia,Clark,Turkey,Istanbul,Bursa,45
C0320,Ines,Haddad,USA,California,San Diego,33
C0321,Sami,Wilson,Canada,Ontario,Ottawa,98
C0322,Sami,Clark,France,Île-de-France,Saint-Denis,60
C0323,David,Anderson,UAE,Dubai,Sharjah,83
C0324,James,Hassan,UAE,Dubai,Sharjah,41
C0325,David,Mansouri,USA,California,San Francisco,57
C0326,Emma,Martinez,Germany,Bavaria,Munich,46
C0327,Youssef,Dubois,Turkey,Istanbul,Bursa,58
C0328,Lina,Johnson,Tunisia,Tunis,Sfax,37
C0329,Amira,Wilson,France,Île-de-France,Saint-Denis,60
C0330,Mohamed,Miller,UAE,Dubai,Sharjah,84
C0331,James,Wilson,Canada,Ontario,Hamilton,65
C0332,Lina,Miller,USA,California,Los Angeles,44
C0333,Sami,Trabelsi,France,Île-de-France,Versailles,91
C0334,David,Romano,UK,England,Manchester,47
C0335,Daniel,Brown,Italy,Lazio,Frosinone,100
C0336,Lina,Lewis,Italy,Lazio,Latina,83
C0337,Youssef,Smith,Italy,Lazio,Rome,72
C0338,Daniel,Bernard,Spain,Madrid,Getafe,85
C0339,Nour,Smith,UAE,Dubai,Dubai,75
C0340,Michael,Dubois,USA,California,San Francisco,17
C0341,Amira,Dubois,UAE,Dubai,Sharjah,49
C0342,Adam,Anderson,Italy,Lazio,Latina,95
C0343,Amira,Taylor,Turkey,Istanbul,Izmit,55
C0344,Emily,Ben Ali,Turkey,Istanbul,Bursa,40
C0345,Rania,Smith,USA,California,San Francisco,25
C0346,Adam,Gharbi,Canada,Ontario,Toronto,38
C0347,Mohamed,Anderson,France,Île-de-France,Boulogne-Billancourt,99
C0348,Adam,Wilson,UAE,Dubai,Abu Dhabi,20
C0349,Sami,Walker,USA,California,San Diego,93
C0350,Mohamed,Williams,UK,England,Birmingham,87
C0351,David,Wilson,Canada,Ontario,Mississauga,97
C0352,Karim,Garcia,UK,England,Manchester,40
C0353,Sofia,Johnson,UK,England,Liverpool,60
C0354,Lucas,Romano,Germany,Bavaria,Augsburg,54
C0355,Sofia,Lewis,USA,California,San Diego,33
C0356,Alex,Hassan,Tunisia,Tunis,Ben Arous,71
C0357,Meriem,Dubois,France,Île-de-France,Paris,98
C0358,Emma,Miller,USA,California,San Diego,56
C0359,Karim,Walker,France,Île-de-France,Saint-Denis,45
C0360,Leo,Trabelsi,Tunisia,Tunis,Manouba,65
C0361,Ines,Brown,Italy,Lazio,Rome,48
C0362,Sara,Smith,Canada,Ontario,Toronto,92
C0363,Nour,Gharbi,Italy,Lazio,Rome,37
C0364,Adam,Clark,UK,England,Liverpool,58
C0365,Ahmed,Mansouri,UAE,Dubai,Dubai,33
C0366,Nour,Garcia,Canada,Ontario,Hamilton,15
C0367,Ines,Dubois,Germany,Bavaria,Munich,7
C0368,Leo,Taylor,Canada,Ontario,Hamilton,9
C0369,Nina,Wilson,France,Île-de-France,Paris,81
C0370,Ines,Thomas,Turkey,Istanbul,Istanbul,38
C0371,Ahmed,Wilson,Spain,Madrid,Alcala de Henares,31
C0372,Leo,Khalil,UAE,Dubai,Sharjah,86
C0373,Emily,Mansouri,France,Île-de-France,Paris,50
C0374,Mohamed,Taylor,UK,England,Liverpool,48
C0375,Sara,Johnson,Germany,Bavaria,Munich,45
C0376,Omar,Clark,Canada,Ontario,Mississauga,18
C0377,Michael,Garcia,Tunisia,Tunis,Ben Arous,83
C0378,Laura,Thomas,USA,California,San Francisco,81
C0379,Adam,Mansouri,USA,California,San Francisco,5
C0380,Sofia,Trabelsi,Germany,Bavaria,Munich,6
C0381,Olivia,Romano,Italy,Lazio,Frosinone,70
C0382,John,Trabelsi,UK,England,Manchester,37
C0383,Lina,Hassan,Italy,Lazio,Latina,43
C0384,Meriem,Lewis,Germany,Bavaria,Nuremberg,56
C0385,David,Brown,Spain,Madrid,Alcala de Henares,24
C0386,Nina,Johnson,UK,England,Birmingham,11
C0387,Amira,Williams,Spain,Madrid,Getafe,24
C0388,Daniel,Smith,Turkey,Istanbul,Istanbul,11
C0389,Daniel,Dubois,Italy,Lazio,Frosinone,78
C0390,Ali,Thomas,Spain,Madrid,Alcala de Henares,45
C0391,Mohamed,Moore,UK,England,Birmingham,79
C0392,Emma,Taylor,Spain,Madrid,Madrid,10
C0393,Emily,Romano,Spain,Madrid,Getafe,87
C0394,Sara,Gharbi,USA,California,San Francisco,5
C0395,Youssef,Martin,USA,California,San Jose,47
C0396,Mohamed,Wilson,Spain,Madrid,Madrid,87
C0397,Emily,Johnson,UK,England,Liverpool,98
C0398,Adam,Romano,France,Île-de-France,Boulogne-Billancourt,51
C0399,Emma,Martin,Italy,Lazio,Rome,4
C0400,Nina,Romano,USA,California,San Francisco,72
C0401,John,Clark,France,Île-de-France,Boulogne-Billancourt,91
C0402,Rania,Wilson,UK,England,Birmingham,89
C0403,Sofia,Haddad,UK,England,Manchester,10
C0404,Sami,Thomas,UK,England,Liverpool,12
C0405,Michael,Thomas,Italy,Lazio,Rome,71
C0406,Daniel,Dubois,Turkey,Istanbul,Istanbul,92
C0407,Emily,Romano,USA,California,San Diego,16
C0408,Adam,Martin,Canada,Ontario,Hamilton,4
C0409,Emily,Miller,Italy,Lazio,Latina,17
C0410,Amira,Mansouri,UAE,Dubai,Abu Dhabi,51
C0411,Leo,Clark,UK,England,Liverpool,74
C0412,Adam,Smith,France,Île-de-France,Paris,58
C0413,Michael,Gharbi,UK,England,Manchester,99
C0414,Anna,Romano,USA,California,Los Angeles,16
C0415,Nour,Dubois,Turkey,Istanbul,Istanbul,21
C0416,Karim,Johnson,Italy,Lazio,Latina,37
C0417,John,Jaziri,France,Île-de-France,Boulogne-Billancourt,17
C0418,Amira,Romano,Germany,Bavaria,Augsburg,22
C0419,Nour,Khalil,UAE,Dubai,Sharjah,80
C0420,Sophia,Walker,UAE,Dubai,Sharjah,6
C0421,Amira,Trabelsi,Tunisia,Tunis,Sousse,99
C0422,John,Taylor,UAE,Dubai,Dubai,99
C0423,Leo,Wilson,UAE,Dubai,Sharjah,4
C0424,Daniel,Taylor,UK,England,Birmingham,62
C0425,Maya,Dubois,Canada,Ontario,Hamilton,10
C0426,Ali,Miller,Tunisia,Tunis,Manouba,62
C0427,Rania,Smith,UK,England,Manchester,41
C0428,Michael,Brown,Italy,Lazio,Rome,98
C0429,Omar,Smith,Italy,Lazio,Rome,60
C0430,Emma,Miller,France,Île-de-France,Versailles,19
C0431,Lina,Dubois,France,Île-de-France,Saint-Denis,79
C0432,Ines,Hassan,Spain,Madrid,Madrid,42
C0433,James,Jaziri,UAE,Dubai,Dubai,64
C0434,Laura,Rossi,Turkey,Istanbul,Bursa,64
C0435,Amira,Brown,Tunisia,Tunis,Bizerte,59
C0436,Rania,Martinez,Canada,Ontario,Mississauga,7
C0437,Daniel,Rossi,Tunisia,Tunis,Bizerte,84
C0438,Daniel,Garcia,UK,England,London,14
C0439,Adam,Bernard,Spain,Madrid,Getafe,47
C0440,Emily,Trabelsi,Spain,Madrid,Alcala de Henares,7
C0441,Sofia,Johnson,UAE,Dubai,Sharjah,37
C0442,Lucas,Romano,France,Île-de-France,Saint-Denis,98
C0443,Emma,Walker,Turkey,Istanbul,Izmit,88
C0444,Meriem,Gharbi,UAE,Dubai,Dubai,51
C0445,Sophia,Garcia,Italy,Lazio,Frosinone,97
C0446,Sofia,Wilson,USA,California,San Francisco,65
C0447,Mohamed,Trabelsi,Tunisia,Tunis,Ariana,92
C0448,Alex,Romano,Italy,Lazio,Frosinone,20
C0449,Adam,Smith,UAE,Dubai,Sharjah,41
C0450,Maya,Wilson,USA,California,San Jose,76
C0451,Nina,Thomas,Italy,Lazio,Latina,39
C0452,Sara,Johnson,UK,England,Birmingham,87
C0453,Leo,Martinez,France,Île-de-France,Boulogne-Billancourt,93
C0454,Alex,Bernard,Tunisia,Tunis,Sousse,100
C0455,Karim,Moore,UAE,Dubai,Dubai,75
C0456,Ali,Romano,UK,England,Liverpool,19
C0457,Mohamed,Martinez,Canada,Ontario,Toronto,25
C0458,David,Smith,Tunisia,Tunis,Manouba,20
C0459,Rania,Williams,Spain,Madrid,Getafe,100
C0460,Alex,Hassan,UAE,Dubai,Sharjah,94
C0461,Adam,Romano,Tunisia,Tunis,Ariana,72
C0462,Alex,Romano,Italy,Lazio,Frosinone,41
C0463,Laura,Garcia,USA,California,San Jose,70
C0464,John,Wilson,Italy,Lazio,Frosinone,25
C0465,Emma,Garcia,Canada,Ontario,Mississauga,29
C0466,Daniel,Thomas,Germany,Bavaria,Munich,89
C0467,James,Rossi,UK,England,Birmingham,72
C0468,Daniel,Haddad,Germany,Bavaria,Augsburg,87
C0469,Lucas,Brown,Turkey,Istanbul,Bursa,99
C0470,Daniel,Trabelsi,USA,California,San Jose,92
C0471,Michael,Miller,France,Île-de-France,Boulogne-Billancourt,96
C0472,Rania,Jaziri,UK,England,Birmingham,72
C0473,Adam,Haddad,Germany,Bavaria,Augsburg,95
C0474,Ines,Martin,UAE,Dubai,Dubai,86
C0475,Karim,Taylor,Turkey,Istanbul,Istanbul,7
C0476,Leo,Smith,France,Île-de-France,Saint-Denis,13
C0477,Ahmed,Garcia,USA,California,San Diego,53
C0478,Alex,Taylor,UK,England,Manchester,97
C0479,James,Dubois,Germany,Bavaria,Augsburg,8
C0480,Karim,Garcia,France,Île-de-France,Paris,23
C0481,Sami,Trabelsi,Spain,Madrid,Alcala de Henares,64
C0482,Daniel,Trabelsi,USA,California,Los Angeles,39
C0483,Omar,Smith,UAE,Dubai,Abu Dhabi,59
C0484,Nina,Gharbi,Turkey,Istanbul,Izmit,60
C0485,Sofia,Lewis,Germany,Bavaria,Munich,43
C0486,Laura,Taylor,USA,California,San Jose,92
C0487,Ahmed,Moore,USA,California,San Jose,38
C0488,Sofia,Khalil,UAE,Dubai,Sharjah,82
C0489,Anna,Romano,Spain,Madrid,Alcala de Henares,12
C0490,Omar,Khalil,Spain,Madrid,Madrid,62
C0491,Ines,Ben Ali,Italy,Lazio,Frosinone,50
C0492,David,Clark,Canada,Ontario,Mississauga,43
C0493,Ahmed,Bernard,Germany,Bavaria,Augsburg,47
C0494,Lina,Anderson,Canada,Ontario,Toronto,60
C0495,Ali,Brown,Germany,Bavaria,Augsburg,65
C0496,Meriem,Taylor,Germany,Bavaria,Nuremberg,48
C0497,Karim,Martin,UAE,Dubai,Dubai,62
C0498,Laura,Moore,USA,California,San Jose,54
C0499,Alex,Clark,Turkey,Istanbul,Izmit,86
C0500,Ines,Anderson,Canada,Ontario,Toronto,68
C0501,Emily,Mansouri,UK,England,London,8
C0502,Sofia,Martinez,Turkey,Istanbul,Izmit,20
C0503,James,Hassan,USA,California,San Francisco,15
C0504,Nina,Mansouri,Canada,Ontario,Hamilton,8
C0505,Adam,Romano,UK,England,Liverpool,59
C0506,Lina,Garcia,UAE,Dubai,Abu Dhabi,87
C0507,Sara,Brown,Germany,Bavaria,Nuremberg,1
C0508,Youssef,Trabelsi,Canada,Ontario,Hamilton,45
C0509,Lina,Mansouri,France,Île-de-France,Saint-Denis,5
C0510,Leo,Khalil,Germany,Bavaria,Munich,99
C0511,Emily,Brown,Spain,Madrid,Alcala de Henares,49
C0512,Amira,Anderson,Spain,Madrid,Getafe,70
C0513,Michael,Haddad,USA,California,San Diego,69
C0514,Adam,Moore,Spain,Madrid,Madrid,1
C0515,Olivia,Miller,Tunisia,Tunis,Sousse,93
C0516,Anna,Garcia,Turkey,Istanbul,Bursa,30
C0517,Laura,Johnson,Canada,Ontario,Ottawa,36
C0518,Meriem,Trabelsi,Canada,Ontario,Hamilton,79
C0519,Ines,Jaziri,Tunisia,Tunis,Tunis,13
C0520,Mohamed,Miller,UAE,Dubai,Sharjah,87
C0521,Ines,Moore,Tunisia,Tunis,Tunis,52
C0522,Karim,Garcia,UK,England,Manchester,97
C0523,Adam,Romano,Tunisia,Tunis,Ben Arous,30
C0524,James,Martinez,UAE,Dubai,Sharjah,99
C0525,Ines,Dubois,Italy,Lazio,Rome,85
C0526,Karim,Williams,Turkey,Istanbul,Bursa,36
C0527,Sami,Taylor,Tunisia,Tunis,Sousse,55
C0528,Nina,Trabelsi,Turkey,Istanbul,Bursa,83
C0529,James,Thomas,Spain,Madrid,Alcala de Henares,53
C0530,Olivia,Brown,USA,California,San Diego,97
C0531,Alex,Martin,Turkey,Istanbul,Istanbul,39
C0532,Laura,Trabelsi,USA,California,San Francisco,54
C0533,Adam,Brown,Turkey,Istanbul,Istanbul,33
C0534,Sophia,Taylor,Canada,Ontario,Toronto,58
C0535,Amira,Garcia,Italy,Lazio,Latina,25
C0536,Emma,Brown,Tunisia,Tunis,Sousse,78
C0537,Mohamed,Hassan,UAE,Dubai,Dubai,25
C0538,Rania,Rossi,UAE,Dubai,Dubai,43
C0539,Ahmed,Jaziri,Germany,Bavaria,Munich,95
C0540,Alex,Martin,France,Île-de-France,Versailles,51
C0541,James,Clark,Canada,Ontario,Mississauga,49
C0542,Michael,Dubois,UK,England,Birmingham,47
C0543,Nina,Miller,Turkey,Istanbul,Istanbul,93
C0544,James,Jaziri,UK,England,Birmingham,41
C0545,Mohamed,Martinez,Spain,Madrid,Madrid,95
C0546,Sara,Bernard,USA,California,San Francisco,38
C0547,Sofia,Smith,USA,California,San Diego,49
C0548,Ines,Rossi,UAE,Dubai,Sharjah,84
C0549,John,Clark,Italy,Lazio,Frosinone,93
C0550,Laura,Khalil,UK,England,Birmingham,22
C0551,Nina,Khalil,USA,California,Los Angeles,68
C0552,Youssef,Walker,Tunisia,Tunis,Sousse,7
C0553,Leo,Gharbi,Tunisia,Tunis,Sfax,81
C0554,Youssef,Thomas,Canada,Ontario,Ottawa,2
C0555,Laura,Johnson,Canada,Ontario,Toronto,80
C0556,Alex,Anderson,UAE,Dubai,Abu Dhabi,3
C0557,Leo,Ben Ali,Tunisia,Tunis,Tunis,68
C0558,Daniel,Ben Ali,Germany,Bavaria,Augsburg,90
C0559,Sami,Haddad,Spain,Madrid,Madrid,68
C0560,Ines,Jaziri,USA,California,San Jose,46
C0561,Maya,Mansouri,Germany,Bavaria,Nuremberg,52
C0562,Ines,Thomas,UK,England,Manchester,39
C0563,Mohamed,Mansouri,France,Île-de-France,Saint-Denis,49
C0564,Alex,Trabelsi,Spain,Madrid,Getafe,2
C0565,Amira,Rossi,USA,California,San Francisco,83
C0566,Omar,Romano,Italy,Lazio,Rome,30
C0567,Alex,Bernard,Canada,Ontario,Toronto,10
C0568,Mohamed,Khalil,Germany,Bavaria,Nuremberg,3
C0569,Nour,Clark,Canada,Ontario,Hamilton,10
C0570,Ali,Martinez,Germany,Bavaria,Munich,73
C0571,Sophia,Brown,Spain,Madrid,Getafe,18
C0572,Michael,Trabelsi,France,Île-de-France,Paris,56
C0573,Youssef,Smith,Canada,Ontario,Hamilton,100
C0574,Sara,Taylor,Italy,Lazio,Frosinone,58
C0575,Karim,Johnson,UK,England,Liverpool,56
C0576,Lucas,Mansouri,USA,California,San Jose,32
C0577,Amira,Bernard,France,Île-de-France,Versailles,49
C0578,Lucas,Smith,USA,California,San Jose,14
C0579,Ahmed,Dubois,France,Île-de-France,Saint-Denis,47
C0580,Omar,Gharbi,Germany,Bavaria,Munich,24
C0581,David,Garcia,Spain,Madrid,Getafe,66
C0582,Omar,Ben Ali,Spain,Madrid,Madrid,46
C0583,Amira,Wilson,Turkey,Istanbul,Izmit,42
C0584,Ahmed,Dubois,Spain,Madrid,Alcala de Henares,50
C0585,Ines,Martinez,France,Île-de-France,Versailles,88
C0586,Ali,Gharbi,Spain,Madrid,Alcala de Henares,39
C0587,Nina,Gharbi,Germany,Bavaria,Munich,22
C0588,Emma,Williams,Spain,Madrid,Alcala de Henares,62
C0589,Emily,Bernard,France,Île-de-France,Versailles,93
C0590,Sofia,Miller,UK,England,London,18
C0591,Ahmed,Brown,Germany,Bavaria,Nuremberg,80
C0592,Sophia,Miller,Spain,Madrid,Alcala de Henares,56
C0593,Adam,Dubois,UAE,Dubai,Abu Dhabi,78
C0594,Alex,Smith,Canada,Ontario,Ottawa,51
C0595,Daniel,Moore,Italy,Lazio,Latina,82
C0596,Ines,Smith,UK,England,Liverpool,36
C0597,Emily,Haddad,Spain,Madrid,Getafe,26
C0598,Sami,Anderson,UAE,Dubai,Sharjah,4
C0599,Rania,Miller,UK,England,Birmingham,89
C0600,Leo,Anderson,France,Île-de-France,Saint-Denis,18
C0601,Ines,Bernard,Germany,Bavaria,Augsburg,20
C0602,Lucas,Mansouri,Spain,Madrid,Alcala de Henares,77
C0603,Maya,Garcia,UK,England,Liverpool,70
C0604,Emily,Thomas,Tunisia,Tunis,Sfax,69
C0605,Amira,Haddad,UAE,Dubai,Dubai,85
C0606,Ali,Taylor,Italy,Lazio,Latina,6
C0607,Maya,Clark,UAE,Dubai,Abu Dhabi,56
C0608,Ahmed,Haddad,France,Île-de-France,Boulogne-Billancourt,29
C0609,Karim,Miller,Turkey,Istanbul,Bursa,51
C0610,Nour,Johnson,UK,England,London,62
C0611,Daniel,Williams,France,Île-de-France,Paris,15
C0612,Michael,Dubois,USA,California,San Jose,59
C0613,Alex,Johnson,Canada,Ontario,Hamilton,13
C0614,David,Smith,UK,England,London,39
C0615,Meriem,Ben Ali,Tunisia,Tunis,Sfax,44
C0616,Ali,Moore,France,Île-de-France,Versailles,67
C0617,Ali,Smith,USA,California,San Francisco,60
C0618,Maya,Taylor,Canada,Ontario,Ottawa,24
C0619,Maya,Ben Ali,Spain,Madrid,Getafe,79
C0620,David,Martinez,Canada,Ontario,Hamilton,50
C0621,Rania,Jaziri,Tunisia,Tunis,Ben Arous,97
C0622,Omar,Lewis,France,Île-de-France,Versailles,47
C0623,Sofia,Miller,Italy,Lazio,Rome,34
C0624,James,Wilson,UK,England,Liverpool,79
C0625,Meriem,Johnson,Spain,Madrid,Alcala de Henares,59
C0626,Sami,Walker,UAE,Dubai,Sharjah,91
C0627,Amira,Anderson,Germany,Bavaria,Munich,41
C0628,Ines,Dubois,France,Île-de-France,Paris,24
C0629,Nour,Romano,Italy,Lazio,Frosinone,54
C0630,Adam,Martinez,UAE,Dubai,Abu Dhabi,55
C0631,Nina,Taylor,USA,California,San Diego,72
C0632,Nina,Dubois,USA,California,San Diego,24
C0633,David,Wilson,Italy,Lazio,Rome,46
C0634,Nina,Gharbi,Tunisia,Tunis,Ariana,50
C0635,Nina,Williams,Turkey,Istanbul,Izmit,63
C0636,David,Rossi,Spain,Madrid,Madrid,11
C0637,Sara,Lewis,UAE,Dubai,Dubai,38
C0638,Emma,Martin,Tunisia,Tunis,Bizerte,37
C0639,Laura,Martinez,USA,California,San Francisco,71
C0640,Meriem,Martinez,Turkey,Istanbul,Istanbul,35
C0641,Emily,Garcia,Turkey,Istanbul,Istanbul,98
C0642,Rania,Williams,UK,England,London,95
C0643,Olivia,Hassan,Canada,Ontario,Toronto,58
C0644,Michael,Hassan,Germany,Bavaria,Munich,57
C0645,Ines,Jaziri,France,Île-de-France,Boulogne-Billancourt,91
C0646,Anna,Khalil,UAE,Dubai,Sharjah,18
C0647,Rania,Lewis,Canada,Ontario,Toronto,73
C0648,Emma,Wilson,Italy,Lazio,Latina,22
C0649,Daniel,Dubois,Italy,Lazio,Latina,35
C0650,Omar,Gharbi,Turkey,Istanbul,Bursa,8
C0651,Adam,Thomas,Germany,Bavaria,Munich,32
C0652,James,Walker,USA,California,San Diego,98
C0653,Nina,Gharbi,Spain,Madrid,Getafe,81
C0654,Leo,Brown,Germany,Bavaria,Nuremberg,10
C0655,Maya,Romano,France,Île-de-France,Boulogne-Billancourt,89
C0656,Laura,Rossi,Italy,Lazio,Frosinone,75
C0657,Amira,Moore,Tunisia,Tunis,Manouba,82
C0658,Youssef,Lewis,Italy,Lazio,Latina,51
C0659,Anna,Walker,Canada,Ontario,Ottawa,64
C0660,James,Walker,Germany,Bavaria,Nuremberg,44
C0661,Adam,Martinez,Turkey,Istanbul,Bursa,44
C0662,Mohamed,Haddad,Tunisia,Tunis,Sousse,59
C0663,Meriem,Hassan,Tunisia,Tunis,Ariana,57
C0664,Ahmed,Williams,UK,England,Manchester,89
C0665,Olivia,Khalil,USA,California,San Jose,12
C0666,John,Mansouri,Italy,Lazio,Frosinone,86
C0667,Lina,Brown,USA,California,San Jose,93
C0668,Anna,Taylor,Canada,Ontario,Toronto,91
C0669,Ahmed,Jaziri,France,Île-de-France,Saint-Denis,10
C0670,Karim,Romano,USA,California,San Francisco,2
C0671,Sophia,Walker,Tunisia,Tunis,Tunis,55
C0672,Alex,Mansouri,USA,California,San Diego,50
C0673,Omar,Haddad,France,Île-de-France,Boulogne-Billancourt,48
C0674,Adam,Brown,Germany,Bavaria,Munich,83
C0675,Youssef,Romano,USA,California,Los Angeles,79
C0676,David,Johnson,USA,California,San Diego,81
C0677,Leo,Wilson,USA,California,San Francisco,28
C0678,Omar,Gharbi,France,Île-de-France,Paris,76
C0679,Michael,Williams,Spain,Madrid,Alcala de Henares,18
C0680,Emma,Taylor,Canada,Ontario,Toronto,32
C0681,Daniel,Clark,Turkey,Istanbul,Izmit,4
C0682,Rania,Romano,Germany,Bavaria,Augsburg,66
C0683,Maya,Dubois,Canada,Ontario,Toronto,31
C0684,Lucas,Haddad,UK,England,Manchester,64
C0685,Youssef,Romano,UAE,Dubai,Dubai,47
C0686,Adam,Brown,Italy,Lazio,Latina,54
C0687,Sami,Clark,Italy,Lazio,Frosinone,99
C0688,Sara,Martinez,France,Île-de-France,Paris,2
C0689,Rania,Trabelsi,Germany,Bavaria,Munich,51
C0690,Daniel,Taylor,Turkey,Istanbul,Izmit,65
C0691,Anna,Thomas,Spain,Madrid,Alcala de Henares,11
C0692,Nour,Bernard,Turkey,Istanbul,Istanbul,40
C0693,Rania,Lewis,France,Île-de-France,Versailles,69
C0694,Maya,Martinez,Italy,Lazio,Latina,98
C0695,Olivia,Thomas,France,Île-de-France,Saint-Denis,94
C0696,Lina,Martin,Canada,Ontario,Toronto,56
C0697,Laura,Wilson,France,Île-de-France,Paris,40
C0698,Meriem,Ben Ali,USA,California,San Diego,90
C0699,Ali,Rossi,Tunisia,Tunis,Ben Arous,67
C0700,John,Khalil,Turkey,Istanbul,Bursa,17
C0701,Meriem,Clark,Germany,Bavaria,Munich,43
C0702,Emma,Romano,Spain,Madrid,Madrid,34
C0703,Youssef,Rossi,UAE,Dubai,Abu Dhabi,66
C0704,Lina,Rossi,Italy,Lazio,Latina,22
C0705,Ali,Bernard,Italy,Lazio,Rome,74
C0706,Karim,Moore,France,Île-de-France,Paris,6
C0707,Ines,Trabelsi,Tunisia,Tunis,Manouba,47
C0708,Nour,Khalil,Spain,Madrid,Madrid,71
C0709,Karim,Smith,Spain,Madrid,Madrid,54
C0710,Emma,Walker,Italy,Lazio,Rome,74
C0711,Meriem,Romano,Italy,Lazio,Latina,7
C0712,Karim,Lewis,USA,California,Los Angeles,52
C0713,Laura,Hassan,France,Île-de-France,Boulogne-Billancourt,100
C0714,James,Mansouri,Germany,Bavaria,Augsburg,59
C0715,Emily,Jaziri,Tunisia,Tunis,Ben Arous,73
C0716,Ines,Miller,Germany,Bavaria,Nuremberg,76
C0717,Sofia,Moore,UK,England,Manchester,20
C0718,Leo,Ben Ali,Tunisia,Tunis,Ariana,70
C0719,Ahmed,Smith,Italy,Lazio,Rome,98
C0720,Olivia,Haddad,Spain,Madrid,Madrid,68
C0721,Leo,Rossi,Canada,Ontario,Toronto,19
C0722,Amira,Trabelsi,Germany,Bavaria,Munich,67
C0723,Emily,Miller,Spain,Madrid,Getafe,11
C0724,Omar,Romano,UAE,Dubai,Dubai,82
C0725,Youssef,Martinez,Spain,Madrid,Getafe,8
C0726,Adam,Martin,Spain,Madrid,Alcala de Henares,34
C0727,Maya,Thomas,Italy,Lazio,Latina,42
C0728,David,Bernard,Italy,Lazio,Rome,10
C0729,Adam,Clark,Canada,Ontario,Toronto,20
C0730,Ali,Miller,France,Île-de-France,Saint-Denis,41
C0731,Meriem,Garcia,Spain,Madrid,Alcala de Henares,99
C0732,David,Dubois,Canada,Ontario,Hamilton,34
C0733,Amira,Khalil,France,Île-de-France,Boulogne-Billancourt,91
C0734,Mohamed,Jaziri,UAE,Dubai,Abu Dhabi,19
C0735,Ines,Johnson,France,Île-de-France,Saint-Denis,66
C0736,Olivia,Bernard,Tunisia,Tunis,Sfax,23
C0737,Maya,Hassan,Tunisia,Tunis,Manouba,72
C0738,Ines,Haddad,Turkey,Istanbul,Bursa,14
C0739,Meriem,Ben Ali,USA,California,Los Angeles,100
C0740,Adam,Jaziri,Canada,Ontario,Hamilton,48
C0741,John,Walker,France,Île-de-France,Paris,3
C0742,Sofia,Taylor,France,Île-de-France,Saint-Denis,17
C0743,Sophia,Haddad,France,Île-de-France,Paris,60
C0744,Ali,Martinez,Tunisia,Tunis,Manouba,93
C0745,Nina,Ben Ali,Spain,Madrid,Alcala de Henares,88
C0746,Sami,Johnson,Spain,Madrid,Madrid,24
C0747,Emma,Miller,Germany,Bavaria,Munich,5
C0748,Ines,Taylor,UAE,Dubai,Abu Dhabi,64
C0749,Alex,Trabelsi,Spain,Madrid,Madrid,36
C0750,Adam,Williams,Spain,Madrid,Madrid,83
C0751,Ines,Taylor,Turkey,Istanbul,Izmit,3
C0752,Michael,Rossi,Spain,Madrid,Getafe,63
C0753,James,Brown,Italy,Lazio,Frosinone,24
C0754,James,Wilson,Tunisia,Tunis,Ariana,4
C0755,Lina,Lewis,Germany,Bavaria,Nuremberg,68
C0756,Karim,Khalil,Italy,Lazio,Rome,32
C0757,Emma,Garcia,Canada,Ontario,Toronto,98
C0758,Lucas,Johnson,Canada,Ontario,Ottawa,23
C0759,James,Lewis,Canada,Ontario,Mississauga,76
C0760,Michael,Martinez,Tunisia,Tunis,Bizerte,19
C0761,Sofia,Walker,UAE,Dubai,Abu Dhabi,70
C0762,Sami,Rossi,Germany,Bavaria,Munich,12
C0763,Karim,Wilson,Tunisia,Tunis,Ariana,3
C0764,Alex,Ben Ali,Turkey,Istanbul,Bursa,79
C0765,Adam,Smith,Canada,Ontario,Ottawa,42
C0766,Sara,Gharbi,Tunisia,Tunis,Bizerte,91
C0767,Meriem,Hassan,USA,California,San Jose,10
C0768,Maya,Martinez,Italy,Lazio,Rome,44
C0769,James,Gharbi,Germany,Bavaria,Munich,94
C0770,Nina,Taylor,Spain,Madrid,Alcala de Henares,23
C0771,Michael,Martin,Turkey,Istanbul,Izmit,76
C0772,Lucas,Dubois,USA,California,San Jose,17
C0773,Ahmed,Thomas,USA,California,San Francisco,99
C0774,Mohamed,Khalil,UAE,Dubai,Sharjah,41
C0775,Karim,Taylor,UAE,Dubai,Sharjah,14
C0776,Nour,Smith,UK,England,London,31
C0777,James,Khalil,Italy,Lazio,Latina,12
C0778,David,Ben Ali,Italy,Lazio,Frosinone,27
C0779,Youssef,Johnson,Canada,Ontario,Mississauga,14
C0780,Lina,Brown,Tunisia,Tunis,Manouba,94
C0781,Ali,Williams,Spain,Madrid,Alcala de Henares,49
C0782,Lucas,Haddad,Italy,Lazio,Frosinone,74
C0783,Ali,Miller,Canada,Ontario,Toronto,5
C0784,Sara,Smith,Germany,Bavaria,Nuremberg,14
C0785,Sophia,Khalil,France,Île-de-France,Saint-Denis,21
C0786,Amira,Smith,France,Île-de-France,Saint-Denis,91
C0787,Anna,Taylor,Tunisia,Tunis,Ariana,78
C0788,Ali,Trabelsi,Spain,Madrid,Madrid,43
C0789,Sofia,Williams,Canada,Ontario,Mississauga,85
C0790,Olivia,Martin,Germany,Bavaria,Munich,7
C0791,Nina,Gharbi,Spain,Madrid,Madrid,47
C0792,Anna,Mansouri,Tunisia,Tunis,Ben Arous,85
C0793,Alex,Jaziri,UAE,Dubai,Dubai,4
C0794,Ali,Taylor,Canada,Ontario,Mississauga,11
C0795,Meriem,Dubois,UK,England,Liverpool,61
C0796,John,Mansouri,UK,England,Liverpool,24
C0797,Lucas,Johnson,Italy,Lazio,Rome,58
C0798,John,Miller,Tunisia,Tunis,Manouba,34
C0799,Emma,Martinez,Canada,Ontario,Toronto,20
C0800,Amira,Anderson,France,Île-de-France,Boulogne-Billancourt,70
C0801,Karim,Garcia,Spain,Madrid,Madrid,50
C0802,Leo,Garcia,Turkey,Istanbul,Izmit,61
C0803,Ines,Rossi,UAE,Dubai,Abu Dhabi,11
C0804,Mohamed,Romano,Spain,Madrid,Getafe,67
C0805,Nour,Haddad,UAE,Dubai,Abu Dhabi,23
C0806,Rania,Lewis,USA,California,San Diego,17
C0807,Anna,Mansouri,Tunisia,Tunis,Sousse,56
C0808,Nour,Walker,Canada,Ontario,Mississauga,41
C0809,Amira,Brown,France,Île-de-France,Saint-Denis,71
C0810,Emma,Romano,Italy,Lazio,Frosinone,2
C0811,Leo,Haddad,UAE,Dubai,Abu Dhabi,20
C0812,Omar,Haddad,USA,California,Los Angeles,37
C0813,Michael,Williams,Turkey,Istanbul,Bursa,50
C0814,Alex,Trabelsi,UK,England,Manchester,36
C0815,Nour,Wilson,Spain,Madrid,Getafe,88
C0816,Mohamed,Brown,Spain,Madrid,Alcala de Henares,89
C0817,Lina,Moore,Canada,Ontario,Hamilton,35
C0818,Sara,Smith,Italy,Lazio,Frosinone,40
C0819,Nina,Hassan,Germany,Bavaria,Augsburg,88
C0820,Karim,Gharbi,France,Île-de-France,Boulogne-Billancourt,96
C0821,James,Bernard,UK,England,Liverpool,78
C0822,Sofia,Miller,France,Île-de-France,Versailles,53
C0823,Emily,Walker,UK,England,London,66
C0824,Youssef,Dubois,USA,California,San Francisco,18
C0825,Sara,Khalil,Turkey,Istanbul,Istanbul,26
C0826,Ines,Trabelsi,Tunisia,Tunis,Manouba,7
C0827,Sofia,Bernard,Italy,Lazio,Frosinone,60
C0828,Maya,Taylor,Turkey,Istanbul,Istanbul,88
C0829,Ines,Johnson,Tunisia,Tunis,Manouba,77
C0830,Sami,Hassan,UK,England,Liverpool,76
C0831,Michael,Johnson,Turkey,Istanbul,Istanbul,34
C0832,Daniel,Ben Ali,France,Île-de-France,Saint-Denis,7
C0833,Rania,Hassan,USA,California,San Diego,83
C0834,Rania,Bernard,Canada,Ontario,Hamilton,66
C0835,Ahmed,Rossi,Tunisia,Tunis,Ariana,83
C0836,Ahmed,Martin,USA,California,San Jose,78
C0837,Emma,Williams,Germany,Bavaria,Nuremberg,45
C0838,John,Jaziri,UK,England,Liverpool,39
C0839,Maya,Martinez,Turkey,Istanbul,Istanbul,1
C0840,Emily,Garcia,Turkey,Istanbul,Izmit,77
C0841,Daniel,Dubois,UAE,Dubai,Sharjah,14
C0842,Youssef,Smith,UK,England,Birmingham,82
C0843,Emma,Bernard,Italy,Lazio,Latina,92
C0844,Sofia,Gharbi,Germany,Bavaria,Augsburg,98
C0845,Lina,Lewis,Canada,Ontario,Hamilton,85
C0846,Adam,Moore,Italy,Lazio,Rome,84
C0847,Daniel,Bernard,UK,England,Liverpool,52
C0848,Mohamed,Martinez,Spain,Madrid,Getafe,74
C0849,Sophia,Moore,Canada,Ontario,Ottawa,88
C0850,Alex,Anderson,Turkey,Istanbul,Bursa,65
C0851,Ali,Walker,Germany,Bavaria,Augsburg,72
C0852,Daniel,Haddad,USA,California,San Francisco,17
C0853,Sami,Anderson,Germany,Bavaria,Nuremberg,84
C0854,Karim,Johnson,France,Île-de-France,Versailles,96
C0855,Leo,Lewis,Germany,Bavaria,Nuremberg,48
C0856,Daniel,Miller,Germany,Bavaria,Munich,61
C0857,Youssef,Rossi,Tunisia,Tunis,Ariana,65
C0858,Lucas,Romano,France,Île-de-France,Boulogne-Billancourt,53
C0859,Nour,Gharbi,Tunisia,Tunis,Ariana,44
C0860,Laura,Gharbi,Spain,Madrid,Alcala de Henares,92
C0861,Amira,Rossi,USA,California,San Jose,81
C0862,James,Taylor,USA,California,Los Angeles,1
C0863,Emma,Jaziri,UK,England,Manchester,74
C0864,Nina,Lewis,USA,California,Los Angeles,17
C0865,Anna,Taylor,UAE,Dubai,Abu Dhabi,52
C0866,Alex,Brown,Spain,Madrid,Madrid,5
C0867,Sofia,Moore,Turkey,Istanbul,Bursa,2
C0868,Sofia,Ben Ali,Italy,Lazio,Latina,1
C0869,Karim,Thomas,Canada,Ontario,Mississauga,40
C0870,Omar,Brown,USA,California,San Jose,22
C0871,Mohamed,Dubois,France,Île-de-France,Boulogne-Billancourt,59
C0872,Sophia,Williams,Turkey,Istanbul,Izmit,18
C0873,Nina,Johnson,Italy,Lazio,Rome,22
C0874,Sara,Martin,Spain,Madrid,Madrid,94
C0875,Rania,Moore,USA,California,Los Angeles,76
C0876,Ali,Haddad,Turkey,Istanbul,Bursa,92
C0877,Lucas,Taylor,Tunisia,Tunis,Ben Arous,99
C0878,Lina,Wilson,Turkey,Istanbul,Istanbul,85
C0879,Sara,Trabelsi,France,Île-de-France,Paris,54
C0880,Lucas,Haddad,UK,England,Birmingham,61
C0881,Rania,Thomas,USA,California,Los Angeles,39
C0882,Omar,Anderson,Spain,Madrid,Getafe,35
C0883,Adam,Williams,UAE,Dubai,Dubai,66
C0884,Meriem,Dubois,UAE,Dubai,Dubai,14
C0885,Sofia,Wilson,UK,England,Manchester,100
C0886,Sofia,Johnson,Germany,Bavaria,Augsburg,53
C0887,Ali,Trabelsi,Germany,Bavaria,Augsburg,64
C0888,Alex,Smith,Canada,Ontario,Ottawa,1
C0889,Amira,Haddad,Tunisia,Tunis,Sfax,74
C0890,Nour,Mansouri,UK,England,London,93
C0891,John,Taylor,France,Île-de-France,Versailles,59
C0892,John,Miller,Germany,Bavaria,Munich,13
C0893,Mohamed,Hassan,USA,California,San Jose,47
C0894,Anna,Moore,Italy,Lazio,Rome,13
C0895,Ahmed,Hassan,Tunisia,Tunis,Ariana,85
C0896,Sophia,Johnson,USA,California,San Francisco,80
C0897,Amira,Johnson,Germany,Bavaria,Nuremberg,24
C0898,Maya,Brown,France,Île-de-France,Saint-Denis,35
C0899,Alex,Lewis,Spain,Madrid,Alcala de Henares,84
C0900,Meriem,Gharbi,USA,California,Los Angeles,21
C0901,Leo,Martinez,France,Île-de-France,Saint-Denis,73
C0902,Sami,Wilson,UK,England,Liverpool,100
C0903,Sara,Hassan,Italy,Lazio,Latina,94
C0904,Alex,Rossi,USA,California,Los Angeles,53
C0905,Mohamed,Mansouri,UK,England,Birmingham,84
C0906,Ahmed,Thomas,Italy,Lazio,Latina,68
C0907,Karim,Anderson,UAE,Dubai,Abu Dhabi,67
C0908,Omar,Williams,Turkey,Istanbul,Izmit,94
C0909,Alex,Johnson,Canada,Ontario,Hamilton,20
C0910,Lina,Ben Ali,Turkey,Istanbul,Izmit,21
C0911,Alex,Hassan,Turkey,Istanbul,Bursa,22
C0912,Nina,Smith,France,Île-de-France,Versailles,43
C0913,Lina,Romano,Germany,Bavaria,Munich,71
C0914,Maya,Walker,Spain,Madrid,Madrid,11
C0915,David,Lewis,UK,England,Liverpool,12
C0916,David,Smith,UK,England,London,64
C0917,Omar,Brown,Tunisia,Tunis,Manouba,5
C0918,Ahmed,Walker,Turkey,Istanbul,Istanbul,78
C0919,Olivia,Romano,UAE,Dubai,Sharjah,27
C0920,Sophia,Johnson,UK,England,London,29
C0921,Sophia,Garcia,UK,England,Liverpool,92
C0922,David,Haddad,Italy,Lazio,Rome,98
C0923,Ahmed,Smith,Canada,Ontario,Mississauga,82
C0924,Emily,Thomas,Germany,Bavaria,Munich,6
C0925,Nina,Gharbi,USA,California,San Francisco,14
C0926,Sofia,Jaziri,Germany,Bavaria,Munich,51
C0927,Laura,Walker,Canada,Ontario,Ottawa,92
C0928,Omar,Clark,Italy,Lazio,Frosinone,6
C0929,Meriem,Clark,UAE,Dubai,Abu Dhabi,59
C0930,Adam,Rossi,UAE,Dubai,Dubai,68
C0931,Anna,Walker,Tunisia,Tunis,Bizerte,62
C0932,Sami,Thomas,Turkey,Istanbul,Izmit,23
C0933,Omar,Brown,USA,California,San Jose,65
C0934,Leo,Wilson,Spain,Madrid,Getafe,98
C0935,Emma,Brown,Canada,Ontario,Mississauga,38
C0936,Adam,Gharbi,UK,England,Liverpool,78
C0937,Olivia,Walker,Turkey,Istanbul,Izmit,71
C0938,Rania,Jaziri,Italy,Lazio,Rome,80
C0939,Michael,Anderson,Germany,Bavaria,Munich,91
C0940,James,Thomas,USA,California,Los Angeles,98
C0941,Alex,Martinez,Italy,Lazio,Latina,86
C0942,Daniel,Hassan,Spain,Madrid,Alcala de Henares,2
C0943,Omar,Ben Ali,Turkey,Istanbul,Bursa,19
C0944,Lina,Jaziri,Tunisia,Tunis,Ben Arous,97
C0945,Daniel,Anderson,USA,California,San Jose,19
C0946,Daniel,Jaziri,Tunisia,Tunis,Sfax,70
C0947,Michael,Walker,Tunisia,Tunis,Manouba,14
C0948,Karim,Moore,UAE,Dubai,Sharjah,72
C0949,Ines,Romano,Spain,Madrid,Getafe,37
C0950,Lucas,Brown,Tunisia,Tunis,Manouba,88
C0951,Lina,Ben Ali,Italy,Lazio,Latina,33
C0952,David,Walker,Canada,Ontario,Ottawa,82
C0953,Sofia,Clark,Italy,Lazio,Latina,25
C0954,David,Khalil,Germany,Bavaria,Augsburg,10
C0955,Sami,Moore,USA,California,Los Angeles,49
C0956,Anna,Bernard,Tunisia,Tunis,Bizerte,34
C0957,Ali,Martinez,USA,California,San Jose,1
C0958,Laura,Thomas,Italy,Lazio,Rome,6
C0959,James,Wilson,USA,California,Los Angeles,100
C0960,Olivia,Rossi,UAE,Dubai,Sharjah,71
C0961,Youssef,Lewis,Italy,Lazio,Latina,41
C0962,Karim,Khalil,Turkey,Istanbul,Izmit,9
C0963,Ali,Williams,Turkey,Istanbul,Izmit,69
C0964,Amira,Johnson,Spain,Madrid,Madrid,28
C0965,Sophia,Johnson,Italy,Lazio,Frosinone,28
C0966,Alex,Garcia,UAE,Dubai,Sharjah,2
C0967,Michael,Miller,France,Île-de-France,Versailles,83
C0968,Ines,Trabelsi,UAE,Dubai,Sharjah,42
C0969,Meriem,Brown,Spain,Madrid,Alcala de Henares,70
C0970,Sara,Romano,Germany,Bavaria,Nuremberg,66
C0971,David,Rossi,Turkey,Istanbul,Istanbul,38
C0972,James,Romano,Canada,Ontario,Toronto,13
C0973,Ahmed,Taylor,USA,California,Los Angeles,27
C0974,Anna,Walker,Canada,Ontario,Toronto,27
C0975,Anna,Taylor,Turkey,Istanbul,Istanbul,96
C0976,Sara,Miller,USA,California,San Jose,5
C0977,Youssef,Trabelsi,France,Île-de-France,Versailles,33
C0978,Youssef,Martinez,Turkey,Istanbul,Istanbul,34
C0979,Lucas,Miller,Spain,Madrid,Getafe,52
C0980,James,Ben Ali,Spain,Madrid,Alcala de Henares,87
C0981,Ahmed,Taylor,France,Île-de-France,Paris,97
C0982,Mohamed,Thomas,UAE,Dubai,Dubai,46
C0983,Omar,Dubois,Turkey,Istanbul,Izmit,39
C0984,Amira,Dubois,UAE,Dubai,Abu Dhabi,49
C0985,Sara,Rossi,Spain,Madrid,Madrid,69
C0986,Adam,Moore,Canada,Ontario,Hamilton,70
C0987,Nour,Dubois,Germany,Bavaria,Augsburg,94
C0988,Ahmed,Garcia,Italy,Lazio,Latina,19
C0989,Mohamed,Ben Ali,France,Île-de-France,Saint-Denis,69
C0990,Amira,Dubois,Turkey,Istanbul,Istanbul,96
C0991,Rania,Williams,Italy,Lazio,Latina,66
C0992,Ali,Khalil,USA,California,San Diego,79
C0993,Sofia,Haddad,Germany,Bavaria,Munich,86
C0994,Lina,Hassan,UAE,Dubai,Sharjah,60
C0995,Youssef,Dubois,Turkey,Istanbul,Izmit,9
C0996,Omar,Jaziri,Germany,Bavaria,Augsburg,75
C0997,Sophia,Johnson,UK,England,Manchester,86
C0998,Omar,Dubois,Canada,Ontario,Toronto,25
C0999,Nina,Miller,Italy,Lazio,Frosinone,79
C1000,Nour,Martinez,Germany,Bavaria,Augsburg,47
