order-id,order-date,customer-id,product-name,product-category,quantity,sales
O0001,2025-02-14,C0273,Smartphone,Electronics,5,3266.75
O0002,2025-07-14,C0341,Keyboard,Electronics,1,55.4
O0003,2025-03-23,C0575,Watch,Accessories,1,166.86
O0004,2025-03-25,C0447,Watch,Accessories,4,648.24
O0005,2025-02-05,C0750,Headphones,Electronics,7,567.83
O0006,2025-01-23,C0146,T-Shirt,Clothing,2,64.3
O0007,2025-05-30,C0588,Mouse,Electronics,1,37.88
O0008,2025-08-29,C0788,Jeans,Clothing,5,373.65
O0009,2025-09-25,C0212,Backpack,Accessories,6,413.52
O0010,2025-01-07,C0788,Desk Lamp,Home & Office,6,235.12
O0011,2025-12-17,C0816,Coffee Maker,Home Appliances,7,775.93
O0012,2025-09-24,C0384,Desk Lamp,Home & Office,8,330.78
O0013,2025-11-27,C0840,Coffee Maker,Home Appliances,1,102.99
O0014,2025-12-03,C0343,Headphones,Electronics,8,685.71
O0015,2025-02-07,C0397,Watch,Accessories,7,1316.22
O0016,2025-01-09,C0091,Air Fryer,Home Appliances,6,731.49
O0017,2025-06-30,C0416,Wallet,Accessories,1,49.48
O0018,2025-11-24,C0507,Blender,Home Appliances,1,71.82
O0019,2025-04-01,C0550,Desk,Furniture,8,1861.5
O0020,2025-08-25,C0138,T-Shirt,Clothing,7,222.66
O0021,2025-01-11,C0361,T-Shirt,Clothing,4,133.18
O0022,2025-11-21,C0112,Bookshelf,Furniture,7,964.39
O0023,2025-09-19,C0091,Desk Lamp,Home & Office,2,77.68
O0024,2025-01-05,C0387,Headphones,Electronics,7,667.26
O0025,2025-01-15,C0269,Headphones,Electronics,7,691.15
O0026,2025-10-15,C0357,Jeans,Clothing,1,67.69
O0027,2025-08-03,C0891,Laptop,Electronics,3,2327.77
O0028,2025-12-09,C0081,Mouse,Electronics,6,198.87
O0029,2025-10-03,C0936,Smartphone,Electronics,7,4171.75
O0030,2025-07-08,C0999,Backpack,Accessories,7,421.01
O0031,2025-11-19,C0604,Watch,Accessories,2,336.01
O0032,2025-02-01,C0466,Running Shoes,Clothing,7,880.55
O0033,2025-08-19,C0758,Laptop,Electronics,6,5478.5
O0034,2025-08-08,C0029,T-Shirt,Clothing,5,185.19
O0035,2025-09-22,C0141,Monitor,Electronics,6,1684.95
O0036,2025-10-07,C0231,Watch,Accessories,2,376.3
O0037,2025-02-17,C0519,Air Fryer,Home Appliances,6,744.39
O0038,2025-06-14,C0045,Desk,Furniture,4,952.91
O0039,2025-04-11,C0777,Coffee Maker,Home Appliances,2,220.23
O0040,2025-05-18,C0088,Laptop,Electronics,4,3443.94
O0041,2025-02-12,C0551,Desk Lamp,Home & Office,6,232.37
O0042,2025-09-05,C0408,Mouse,Electronics,3,104.84
O0043,2025-10-23,C0349,Laptop,Electronics,5,4562.08
O0044,2025-09-14,C0625,Running Shoes,Clothing,4,520.8
O0045,2025-06-25,C0126,Laptop,Electronics,8,7066.26
O0046,2025-08-24,C0686,Smartphone,Electronics,6,3617.21
O0047,2025-07-03,C0460,Jacket,Clothing,6,848.99
O0048,2025-04-03,C0826,Watch,Accessories,4,703.06
O0049,2025-07-12,C0850,Smartphone,Electronics,7,4340.41
O0050,2025-07-08,C0304,Monitor,Electronics,7,1791.11
O0051,2025-09-15,C0330,Keyboard,Electronics,5,292.59
O0052,2025-01-27,C0306,Smartphone,Electronics,7,4414.62
O0053,2025-10-21,C0724,Keyboard,Electronics,8,463.37
O0054,2025-11-28,C0862,Watch,Accessories,4,712.14
O0055,2025-05-08,C0467,T-Shirt,Clothing,6,228.85
O0056,2025-06-22,C0187,Coffee Maker,Home Appliances,5,600.03
O0057,2025-08-08,C0752,Keyboard,Electronics,1,56.76
O0058,2025-10-01,C0555,Mouse,Electronics,8,254.39
O0059,2025-07-09,C0227,Mouse,Electronics,6,226.44
O0060,2025-08-26,C0932,Desk Lamp,Home & Office,1,40.03
O0061,2025-12-28,C0015,Desk Lamp,Home & Office,5,203.2
O0062,2025-04-27,C0065,Watch,Accessories,7,1307.37
O0063,2025-03-28,C0367,Bookshelf,Furniture,5,769.36
O0064,2025-11-07,C0690,Jacket,Clothing,1,135.39
O0065,2025-01-24,C0170,Monitor,Electronics,4,1068.36
O0066,2025-06-05,C0898,Coffee Maker,Home Appliances,4,439.99
O0067,2025-05-25,C0106,T-Shirt,Clothing,4,140.78
O0068,2025-04-10,C0945,T-Shirt,Clothing,5,175.72
O0069,2025-07-28,C0460,Headphones,Electronics,7,667.52
O0070,2025-10-19,C0670,Keyboard,Electronics,1,54.26
O0071,2025-03-20,C0200,Jacket,Clothing,6,898.78
O0072,2025-01-20,C0214,Office Chair,Furniture,4,721.16
O0073,2025-01-14,C0672,Headphones,Electronics,7,568.38
O0074,2025-01-22,C0253,Watch,Accessories,1,195.29
O0075,2025-04-06,C0290,Jacket,Clothing,5,720.63
O0076,2025-09-21,C0371,Watch,Accessories,4,651.74
O0077,2025-04-26,C0523,Mouse,Electronics,8,275.2
O0078,2025-10-14,C0079,Jacket,Clothing,7,984.68
O0079,2025-05-27,C0749,Jeans,Clothing,1,64.95
O0080,2025-03-04,C0883,Keyboard,Electronics,3,163.68
O0081,2025-08-16,C0296,Wallet,Accessories,1,45.19
O0082,2025-07-19,C0109,Wallet,Accessories,4,195.72
O0083,2025-10-31,C0754,Coffee Maker,Home Appliances,2,227.24
O0084,2025-07-16,C0130,Headphones,Electronics,4,336.95
O0085,2025-01-03,C0814,Jeans,Clothing,3,195.83
O0086,2025-01-17,C0225,Headphones,Electronics,6,496.61
O0087,2025-04-13,C0062,T-Shirt,Clothing,7,252.9
O0088,2025-02-28,C0093,Smartphone,Electronics,3,1845.62
O0089,2025-07-03,C0832,Mouse,Electronics,1,34.58
O0090,2025-05-01,C0350,Office Chair,Furniture,4,803.29
O0091,2025-12-12,C0336,Mouse,Electronics,2,63.13
O0092,2025-04-28,C0060,Running Shoes,Clothing,6,765.31
O0093,2025-02-26,C0295,Blender,Home Appliances,2,162.74
O0094,2025-10-13,C0804,Desk,Furniture,3,793.89
O0095,2025-08-04,C0569,Desk Lamp,Home & Office,5,219.06
O0096,2025-11-17,C0427,Wallet,Accessories,6,250.03
O0097,2025-06-29,C0862,Smartphone,Electronics,5,2984.35
O0098,2025-09-17,C0663,Laptop,Electronics,6,5364.03
O0099,2025-07-13,C0625,Backpack,Accessories,2,135.71
O0100,2025-02-23,C0980,Watch,Accessories,8,1507.23
O0101,2025-07-24,C0073,Blender,Home Appliances,4,308.09
O0102,2025-07-03,C0493,Office Chair,Furniture,4,748.96
O0103,2025-07-18,C0747,Backpack,Accessories,3,176.54
O0104,2025-04-09,C0104,Laptop,Electronics,3,2481.42
O0105,2025-05-19,C0937,Mouse,Electronics,2,64.7
O0106,2025-01-30,C0370,Headphones,Electronics,6,584.78
O0107,2025-07-30,C0267,Mouse,Electronics,5,160.75
O0108,2025-12-08,C0999,Coffee Maker,Home Appliances,2,221.54
O0109,2025-11-23,C0674,Watch,Accessories,5,965.96
O0110,2025-05-01,C0859,Backpack,Accessories,8,468.56
O0111,2025-08-14,C0838,Keyboard,Electronics,2,117.42
O0112,2025-03-09,C0426,Wallet,Accessories,3,131.96
O0113,2025-01-03,C0133,Office Chair,Furniture,4,806.77
O0114,2025-10-02,C0173,Headphones,Electronics,3,257.4
O0115,2025-02-03,C0125,Running Shoes,Clothing,5,644.84
O0116,2025-05-17,C0654,Air Fryer,Home Appliances,7,922.45
O0117,2025-06-08,C0561,Blender,Home Appliances,4,288.68
O0118,2025-12-07,C0292,Watch,Accessories,1,167.23
O0119,2025-04-19,C0433,Office Chair,Furniture,7,1329.33
O0120,2025-03-29,C0564,Headphones,Electronics,3,278.97
O0121,2025-08-18,C0195,Desk,Furniture,2,507.83
O0122,2025-12-31,C0374,Running Shoes,Clothing,7,845.85
O0123,2025-02-15,C0962,Headphones,Electronics,4,355.63
O0124,2025-12-26,C0692,Blender,Home Appliances,5,339.84
O0125,2025-11-26,C0732,Smartphone,Electronics,3,1869.42
O0126,2025-08-30,C0342,Smartphone,Electronics,7,4440.05
O0127,2025-08-08,C0107,Monitor,Electronics,7,2021.97
O0128,2025-04-21,C0823,Headphones,Electronics,1,83.74
O0129,2025-07-06,C0723,Mouse,Electronics,5,175.35
O0130,2025-07-30,C0547,Bookshelf,Furniture,5,748.24
O0131,2025-01-02,C0619,Coffee Maker,Home Appliances,2,237.17
O0132,2025-08-21,C0253,Mouse,Electronics,2,75.74
O0133,2025-01-16,C0828,Blender,Home Appliances,8,584.6
O0134,2025-11-28,C0854,T-Shirt,Clothing,6,220.09
O0135,2025-04-12,C0384,Blender,Home Appliances,6,420.23
O0136,2025-09-09,C0773,Smartphone,Electronics,2,1314.95
O0137,2025-02-23,C0633,Jacket,Clothing,3,492.92
O0138,2025-10-21,C0140,Headphones,Electronics,4,351.63
O0139,2025-09-07,C0775,Coffee Maker,Home Appliances,2,239.06
O0140,2025-06-21,C0620,Desk,Furniture,8,1926.12
O0141,2025-06-22,C0181,Jacket,Clothing,5,776.41
O0142,2025-12-31,C0708,Desk,Furniture,2,534.06
O0143,2025-07-08,C0144,Coffee Maker,Home Appliances,3,358.6
O0144,2025-12-17,C0763,Mouse,Electronics,3,108.9
O0145,2025-09-18,C0188,Monitor,Electronics,4,1221.43
O0146,2025-08-29,C0359,Jeans,Clothing,1,65.18
O0147,2025-04-26,C0765,Coffee Maker,Home Appliances,8,803.77
O0148,2025-06-13,C0440,Jeans,Clothing,7,445.63
O0149,2025-06-17,C0015,Jacket,Clothing,2,296.6
O0150,2025-06-30,C0797,Keyboard,Electronics,1,53.52
O0151,2025-10-29,C0682,Desk,Furniture,8,2078.08
O0152,2025-04-05,C0460,Desk,Furniture,1,231.33
O0153,2025-08-08,C0015,Office Chair,Furniture,8,1562.36
O0154,2025-05-18,C0366,Wallet,Accessories,3,147.27
O0155,2025-12-12,C0211,Blender,Home Appliances,5,342.86
O0156,2025-10-13,C0530,Smartphone,Electronics,2,1147.88
O0157,2025-09-21,C0722,Laptop,Electronics,8,6691.79
O0158,2025-04-07,C0235,Jeans,Clothing,2,131.14
O0159,2025-09-08,C0076,Watch,Accessories,7,1163.48
O0160,2025-02-22,C0092,Wallet,Accessories,7,295.85
O0161,2025-03-31,C0887,Keyboard,Electronics,6,309.54
O0162,2025-11-27,C0460,Headphones,Electronics,7,649.49
O0163,2025-01-21,C0097,Jacket,Clothing,8,1179.51
O0164,2025-07-12,C0750,Backpack,Accessories,7,485.32
O0165,2025-06-28,C0621,Watch,Accessories,6,985.63
O0166,2025-01-14,C0513,Monitor,Electronics,2,553.77
O0167,2025-04-15,C0324,Watch,Accessories,1,190.94
O0168,2025-06-13,C0370,Backpack,Accessories,3,199.09
O0169,2025-11-12,C0160,Desk,Furniture,1,248.55
O0170,2025-05-04,C0572,Office Chair,Furniture,6,1185.66
O0171,2025-03-25,C0494,Desk,Furniture,5,1174.22
O0172,2025-11-17,C0827,Watch,Accessories,8,1424.71
O0173,2025-05-31,C0404,Bookshelf,Furniture,7,897.55
O0174,2025-11-09,C0392,T-Shirt,Clothing,2,74.82
O0175,2025-04-30,C0165,Air Fryer,Home Appliances,3,411.39
O0176,2025-12-13,C0622,Jacket,Clothing,8,1226.28
O0177,2025-03-31,C0244,Desk,Furniture,5,1352.12
O0178,2025-10-26,C0065,Jacket,Clothing,2,293.13
O0179,2025-12-22,C0139,Wallet,Accessories,8,369.55
O0180,2025-12-25,C0144,Monitor,Electronics,6,1709.54
O0181,2025-03-21,C0275,Backpack,Accessories,7,424.09
O0182,2025-11-10,C0304,Desk Lamp,Home & Office,4,170.13
O0183,2025-06-08,C0787,Office Chair,Furniture,1,206.32
O0184,2025-01-14,C0791,Office Chair,Furniture,8,1423.0
O0185,2025-06-16,C0250,Watch,Accessories,3,490.27
O0186,2025-04-21,C0935,Smartphone,Electronics,6,3410.18
O0187,2025-03-30,C0570,T-Shirt,Clothing,7,225.13
O0188,2025-11-07,C0671,Coffee Maker,Home Appliances,1,113.46
O0189,2025-03-21,C0315,Keyboard,Electronics,7,364.79
O0190,2025-03-07,C0756,Monitor,Electronics,8,2276.69
O0191,2025-11-12,C0444,Running Shoes,Clothing,1,119.7
O0192,2025-10-19,C0235,Jacket,Clothing,3,417.93
O0193,2025-09-16,C0696,Backpack,Accessories,8,483.21
O0194,2025-03-23,C0238,Air Fryer,Home Appliances,4,523.06
O0195,2025-02-18,C0182,Jeans,Clothing,2,134.47
O0196,2025-11-18,C0415,Laptop,Electronics,8,7379.21
O0197,2025-11-14,C0736,Desk,Furniture,4,986.36
O0198,2025-05-09,C0273,Headphones,Electronics,5,455.55
O0199,2025-11-13,C0195,Desk,Furniture,3,705.65
O0200,2025-07-29,C0500,Laptop,Electronics,2,1704.4
O0201,2025-08-27,C0074,Headphones,Electronics,3,260.45
O0202,2025-02-19,C0653,Jacket,Clothing,5,789.1
O0203,2025-05-16,C0452,Laptop,Electronics,3,2465.41
O0204,2025-03-01,C0492,T-Shirt,Clothing,5,181.88
O0205,2025-03-05,C0368,Wallet,Accessories,6,255.46
O0206,2025-10-21,C0106,Bookshelf,Furniture,5,703.79
O0207,2025-07-11,C0459,Laptop,Electronics,6,5440.56
O0208,2025-04-02,C0665,Running Shoes,Clothing,3,341.3
O0209,2025-08-20,C0836,Watch,Accessories,4,756.84
O0210,2025-08-08,C0165,Blender,Home Appliances,4,292.31
O0211,2025-07-22,C0444,Bookshelf,Furniture,6,845.81
O0212,2025-09-01,C0613,Laptop,Electronics,4,3213.31
O0213,2025-11-03,C0826,Desk,Furniture,3,726.58
O0214,2025-12-31,C0478,Desk Lamp,Home & Office,6,216.18
O0215,2025-12-09,C0024,Watch,Accessories,8,1311.6
O0216,2025-05-19,C0187,Bookshelf,Furniture,3,393.32
O0217,2025-09-29,C0660,Monitor,Electronics,4,1036.07
O0218,2025-10-08,C0391,Bookshelf,Furniture,7,974.98
O0219,2025-05-13,C0711,Air Fryer,Home Appliances,7,996.21
O0220,2025-02-08,C0788,Watch,Accessories,3,511.08
O0221,2025-02-17,C0172,T-Shirt,Clothing,5,189.3
O0222,2025-08-23,C0493,Jacket,Clothing,5,756.52
O0223,2025-01-29,C0476,Desk Lamp,Home & Office,1,37.91
O0224,2025-02-22,C0042,Jacket,Clothing,4,602.11
O0225,2025-03-09,C0228,Desk Lamp,Home & Office,6,261.5
O0226,2025-02-07,C0517,Laptop,Electronics,2,1703.57
O0227,2025-05-30,C0197,Jeans,Clothing,8,575.47
O0228,2025-11-18,C0529,Watch,Accessories,7,1297.51
O0229,2025-04-09,C0694,Desk Lamp,Home & Office,4,145.12
O0230,2025-11-17,C0287,Coffee Maker,Home Appliances,4,472.06
O0231,2025-03-12,C0401,Jeans,Clothing,5,352.72
O0232,2025-05-07,C0973,Watch,Accessories,3,502.48
O0233,2025-07-06,C0449,Wallet,Accessories,4,165.83
O0234,2025-07-09,C0869,Smartphone,Electronics,1,634.15
O0235,2025-11-28,C0979,Air Fryer,Home Appliances,1,133.2
O0236,2025-03-29,C0844,Watch,Accessories,2,369.74
O0237,2025-05-06,C0641,Backpack,Accessories,7,449.8
O0238,2025-10-29,C0945,Backpack,Accessories,4,251.19
O0239,2025-11-17,C0522,Jeans,Clothing,5,348.99
O0240,2025-03-23,C0537,Air Fryer,Home Appliances,6,773.33
O0241,2025-03-15,C0759,Headphones,Electronics,3,277.55
O0242,2025-07-21,C0660,Smartphone,Electronics,6,3854.14
O0243,2025-06-18,C0667,Office Chair,Furniture,4,687.82
O0244,2025-11-11,C0254,Desk,Furniture,3,694.05
O0245,2025-10-26,C0388,Jacket,Clothing,3,451.24
O0246,2025-02-02,C0649,Office Chair,Furniture,1,199.07
O0247,2025-12-09,C0056,Air Fryer,Home Appliances,4,484.64
O0248,2025-06-22,C0402,Jeans,Clothing,6,395.12
O0249,2025-10-03,C0665,Running Shoes,Clothing,2,262.8
O0250,2025-10-22,C0336,Running Shoes,Clothing,3,354.49
O0251,2025-10-02,C0598,Desk,Furniture,6,1567.27
O0252,2025-08-12,C0796,Smartphone,Electronics,3,1911.78
O0253,2025-01-10,C0640,T-Shirt,Clothing,2,69.97
O0254,2025-02-02,C0975,Smartphone,Electronics,7,4048.11
O0255,2025-06-21,C0902,Keyboard,Electronics,3,169.86
O0256,2025-04-08,C0453,Bookshelf,Furniture,4,588.18
O0257,2025-02-05,C0489,Laptop,Electronics,1,851.17
O0258,2025-12-21,C0977,Watch,Accessories,3,503.8
O0259,2025-10-25,C0637,Jeans,Clothing,8,614.47
O0260,2025-08-05,C0066,Desk,Furniture,2,460.89
O0261,2025-03-15,C0599,Wallet,Accessories,2,97.47
O0262,2025-10-12,C0229,Blender,Home Appliances,4,278.39
O0263,2025-02-13,C0273,Desk,Furniture,3,805.62
O0264,2025-02-18,C0005,Desk Lamp,Home & Office,5,189.69
O0265,2025-07-05,C0119,Bookshelf,Furniture,6,919.07
O0266,2025-01-08,C0720,Desk,Furniture,5,1325.9
O0267,2025-12-10,C0668,Bookshelf,Furniture,2,290.74
O0268,2025-05-06,C0343,Coffee Maker,Home Appliances,7,749.63
O0269,2025-10-12,C0040,T-Shirt,Clothing,4,138.23
O0270,2025-02-25,C0485,Headphones,Electronics,1,82.81
O0271,2025-09-25,C0543,Running Shoes,Clothing,4,512.55
O0272,2025-06-27,C0157,Laptop,Electronics,4,3554.83
O0273,2025-11-15,C0657,Mouse,Electronics,3,112.78
O0274,2025-02-02,C0885,Backpack,Accessories,5,353.09
O0275,2025-02-16,C0514,T-Shirt,Clothing,1,33.42
O0276,2025-07-30,C0821,Headphones,Electronics,5,464.92
O0277,2025-03-04,C0686,T-Shirt,Clothing,6,194.31
O0278,2025-10-01,C0924,Mouse,Electronics,5,183.42
O0279,2025-11-20,C0960,Watch,Accessories,8,1481.12
O0280,2025-03-28,C0230,Air Fryer,Home Appliances,5,610.8
O0281,2025-02-06,C0897,T-Shirt,Clothing,6,192.93
O0282,2025-07-22,C0399,Desk,Furniture,8,1893.85
O0283,2025-10-02,C0547,Backpack,Accessories,6,410.13
O0284,2025-09-28,C0700,Bookshelf,Furniture,1,129.01
O0285,2025-09-03,C0143,Mouse,Electronics,3,113.11
O0286,2025-05-21,C0254,T-Shirt,Clothing,2,64.96
O0287,2025-11-10,C0599,Headphones,Electronics,2,196.66
O0288,2025-03-12,C0704,Backpack,Accessories,6,375.64
O0289,2025-02-10,C0896,Jacket,Clothing,5,712.05
O0290,2025-09-26,C0436,Air Fryer,Home Appliances,1,127.23
O0291,2025-04-25,C0687,Smartphone,Electronics,5,2972.25
O0292,2025-08-22,C0224,Blender,Home Appliances,4,274.28
O0293,2025-03-09,C0291,Monitor,Electronics,5,1347.8
O0294,2025-07-02,C0429,Headphones,Electronics,7,670.59
O0295,2025-01-04,C0633,T-Shirt,Clothing,3,100.59
O0296,2025-08-13,C0834,Laptop,Electronics,4,3356.37
O0297,2025-06-03,C0800,Backpack,Accessories,5,342.53
O0298,2025-08-15,C0876,Smartphone,Electronics,4,2343.91
O0299,2025-05-31,C0146,Smartphone,Electronics,6,3974.54
O0300,2025-04-10,C0850,Jacket,Clothing,2,315.91
O0301,2025-10-10,C0149,Monitor,Electronics,1,260.27
O0302,2025-01-31,C0249,Monitor,Electronics,1,301.24
O0303,2025-12-09,C0992,T-Shirt,Clothing,8,297.95
O0304,2025-04-04,C0894,Coffee Maker,Home Appliances,6,685.59
O0305,2025-01-13,C0620,Jeans,Clothing,2,149.66
O0306,2025-11-22,C0647,Bookshelf,Furniture,4,546.97
O0307,2025-10-02,C0205,Watch,Accessories,1,168.54
O0308,2025-09-13,C0869,Backpack,Accessories,3,176.24
O0309,2025-11-09,C0917,Mouse,Electronics,6,209.88
O0310,2025-05-25,C0822,Blender,Home Appliances,8,640.45
O0311,2025-10-27,C0334,Keyboard,Electronics,4,218.76
O0312,2025-07-10,C0024,Headphones,Electronics,4,372.34
O0313,2025-09-13,C0677,Office Chair,Furniture,5,1036.68
O0314,2025-12-28,C0612,Jacket,Clothing,1,159.64
O0315,2025-04-24,C0391,Jeans,Clothing,8,527.14
O0316,2025-06-27,C0195,Keyboard,Electronics,7,354.49
O0317,2025-04-23,C0850,Office Chair,Furniture,1,190.96
O0318,2025-03-30,C0294,Coffee Maker,Home Appliances,4,418.69
O0319,2025-01-03,C0267,Monitor,Electronics,2,538.94
O0320,2025-01-08,C0402,Jacket,Clothing,2,289.58
O0321,2025-10-19,C0479,Jacket,Clothing,6,865.88
O0322,2025-03-20,C0795,Jeans,Clothing,7,535.51
O0323,2025-08-10,C0372,Monitor,Electronics,2,579.26
O0324,2025-12-26,C0006,Office Chair,Furniture,1,203.37
O0325,2025-11-07,C0956,Jacket,Clothing,3,463.67
O0326,2025-06-08,C0604,Keyboard,Electronics,4,227.17
O0327,2025-06-07,C0534,Bookshelf,Furniture,3,423.02
O0328,2025-06-04,C0399,Jeans,Clothing,1,67.02
O0329,2025-10-04,C0747,Laptop,Electronics,2,1550.36
O0330,2025-02-06,C0045,Headphones,Electronics,5,453.7
O0331,2025-09-23,C0291,Blender,Home Appliances,8,545.36
O0332,2025-10-07,C0640,Bookshelf,Furniture,6,825.79
O0333,2025-04-21,C0470,Monitor,Electronics,4,1217.33
O0334,2025-01-10,C0277,Jacket,Clothing,4,560.28
O0335,2025-01-27,C0292,Jacket,Clothing,8,1316.02
O0336,2025-04-12,C0917,Coffee Maker,Home Appliances,1,109.58
O0337,2025-07-09,C0564,Wallet,Accessories,6,260.46
O0338,2025-03-01,C0646,Wallet,Accessories,1,46.26
O0339,2025-06-17,C0525,Air Fryer,Home Appliances,3,370.84
O0340,2025-08-30,C0554,Watch,Accessories,4,689.12
O0341,2025-06-15,C0783,Blender,Home Appliances,4,311.25
O0342,2025-08-06,C0777,Desk Lamp,Home & Office,6,249.53
O0343,2025-01-29,C0661,Jeans,Clothing,8,569.67
O0344,2025-10-11,C0890,Keyboard,Electronics,7,357.29
O0345,2025-02-05,C0121,Backpack,Accessories,8,496.5
O0346,2025-09-10,C0985,Keyboard,Electronics,3,160.29
O0347,2025-11-19,C0875,Wallet,Accessories,2,95.3
O0348,2025-02-09,C0988,Office Chair,Furniture,6,1125.71
O0349,2025-12-28,C0717,Jacket,Clothing,1,148.2
O0350,2025-01-31,C0536,Monitor,Electronics,4,1229.99
O0351,2025-01-24,C0005,Monitor,Electronics,3,864.4
O0352,2025-03-02,C0038,Blender,Home Appliances,3,213.55
O0353,2025-09-02,C0354,Blender,Home Appliances,4,318.53
O0354,2025-01-25,C0949,Monitor,Electronics,6,1558.91
O0355,2025-05-20,C0067,Desk,Furniture,2,511.11
O0356,2025-01-10,C0630,Blender,Home Appliances,2,151.53
O0357,2025-03-21,C0773,Headphones,Electronics,6,559.2
O0358,2025-08-21,C0234,T-Shirt,Clothing,7,223.16
O0359,2025-01-10,C0788,Headphones,Electronics,3,289.42
O0360,2025-09-22,C0833,Office Chair,Furniture,4,799.24
O0361,2025-11-04,C0480,Headphones,Electronics,5,409.91
O0362,2025-09-05,C0095,Blender,Home Appliances,8,577.39
O0363,2025-09-06,C0241,Mouse,Electronics,7,256.96
O0364,2025-06-29,C0390,Keyboard,Electronics,7,385.14
O0365,2025-03-10,C0656,Watch,Accessories,6,1048.45
O0366,2025-02-12,C0279,Smartphone,Electronics,7,4310.86
O0367,2025-06-12,C0836,Blender,Home Appliances,6,469.85
O0368,2025-10-11,C0032,Air Fryer,Home Appliances,2,251.87
O0369,2025-07-28,C0385,Monitor,Electronics,7,2053.48
O0370,2025-06-07,C0381,T-Shirt,Clothing,5,184.29
O0371,2025-04-26,C0345,Coffee Maker,Home Appliances,8,893.75
O0372,2025-05-22,C0208,Running Shoes,Clothing,2,231.12
O0373,2025-12-29,C0589,Headphones,Electronics,4,363.75
O0374,2025-09-02,C0459,Jacket,Clothing,1,157.71
O0375,2025-01-02,C0316,Watch,Accessories,1,178.31
O0376,2025-09-22,C0189,Headphones,Electronics,7,584.14
O0377,2025-12-04,C0766,Bookshelf,Furniture,3,450.08
O0378,2025-07-04,C0339,Mouse,Electronics,2,76.57
O0379,2025-11-09,C0868,Coffee Maker,Home Appliances,4,450.06
O0380,2025-04-19,C0300,Jeans,Clothing,5,352.57
O0381,2025-07-12,C0847,Bookshelf,Furniture,3,400.84
O0382,2025-03-04,C0476,Smartphone,Electronics,2,1171.36
O0383,2025-03-07,C0953,Smartphone,Electronics,4,2420.2
O0384,2025-06-13,C0297,Desk Lamp,Home & Office,2,78.85
O0385,2025-12-17,C0178,Smartphone,Electronics,1,625.89
O0386,2025-07-11,C0348,Watch,Accessories,5,874.1
O0387,2025-05-17,C0019,Jacket,Clothing,8,1204.35
O0388,2025-01-26,C0821,Jacket,Clothing,5,705.13
O0389,2025-03-23,C0387,Bookshelf,Furniture,7,948.57
O0390,2025-03-29,C0317,Mouse,Electronics,3,107.46
O0391,2025-08-19,C0837,Office Chair,Furniture,7,1337.51
O0392,2025-05-11,C0770,Blender,Home Appliances,6,482.7
O0393,2025-01-27,C0986,Coffee Maker,Home Appliances,4,461.25
O0394,2025-03-31,C0468,Wallet,Accessories,1,47.71
O0395,2025-11-26,C0846,Smartphone,Electronics,3,1685.33
O0396,2025-04-25,C0165,Mouse,Electronics,4,146.04
O0397,2025-10-02,C0042,Keyboard,Electronics,4,237.05
O0398,2025-03-29,C0404,Laptop,Electronics,3,2637.64
O0399,2025-11-10,C0190,Air Fryer,Home Appliances,4,488.56
O0400,2025-09-01,C0864,Smartphone,Electronics,2,1274.1
O0401,2025-12-05,C0391,Desk,Furniture,2,506.35
O0402,2025-06-22,C0061,Jacket,Clothing,6,920.21
O0403,2025-10-16,C0687,Laptop,Electronics,5,4281.47
O0404,2025-01-18,C0707,Jeans,Clothing,5,377.2
O0405,2025-12-18,C0019,Desk Lamp,Home & Office,6,234.34
O0406,2025-05-04,C0565,Watch,Accessories,6,1069.57
O0407,2025-01-16,C0022,Wallet,Accessories,3,132.56
O0408,2025-01-05,C0667,Monitor,Electronics,8,2229.49
O0409,2025-08-04,C0403,T-Shirt,Clothing,3,107.77
O0410,2025-12-29,C0880,Air Fryer,Home Appliances,6,797.96
O0411,2025-06-21,C0628,Jeans,Clothing,6,409.31
O0412,2025-10-07,C0282,Backpack,Accessories,6,375.88
O0413,2025-10-16,C0638,Running Shoes,Clothing,4,447.26
O0414,2025-12-15,C0834,Laptop,Electronics,3,2713.78
O0415,2025-12-30,C0867,Keyboard,Electronics,8,420.08
O0416,2025-06-14,C0106,Headphones,Electronics,5,474.62
O0417,2025-10-02,C0367,Bookshelf,Furniture,3,401.49
O0418,2025-05-13,C0565,Laptop,Electronics,8,7458.06
O0419,2025-07-29,C0892,Wallet,Accessories,3,141.36
O0420,2025-12-05,C0639,Smartphone,Electronics,7,3980.94
O0421,2025-12-01,C0209,Bookshelf,Furniture,3,389.29
O0422,2025-02-12,C0800,Bookshelf,Furniture,8,1163.57
O0423,2025-08-31,C0502,Laptop,Electronics,1,870.59
O0424,2025-11-03,C0333,Keyboard,Electronics,8,414.94
O0425,2025-02-05,C0299,Desk,Furniture,6,1541.77
O0426,2025-07-29,C0235,Desk Lamp,Home & Office,7,306.48
O0427,2025-02-21,C0991,Bookshelf,Furniture,3,409.29
O0428,2025-11-04,C0291,Bookshelf,Furniture,5,727.43
O0429,2025-02-13,C0716,Desk,Furniture,6,1390.05
O0430,2025-03-15,C0598,Keyboard,Electronics,5,297.46
O0431,2025-09-08,C0737,Running Shoes,Clothing,2,220.68
O0432,2025-07-12,C0195,Desk,Furniture,8,1829.45
O0433,2025-06-27,C0562,Air Fryer,Home Appliances,5,637.39
O0434,2025-08-24,C0595,Office Chair,Furniture,7,1326.29
O0435,2025-08-07,C0792,Jeans,Clothing,4,299.13
O0436,2025-09-02,C0403,Wallet,Accessories,7,288.18
O0437,2025-04-23,C0451,Jeans,Clothing,5,323.79
O0438,2025-09-23,C0914,Coffee Maker,Home Appliances,8,879.28
O0439,2025-09-29,C0295,Laptop,Electronics,8,6946.07
O0440,2025-06-20,C0607,Jeans,Clothing,2,136.56
O0441,2025-01-27,C0708,Bookshelf,Furniture,1,126.67
O0442,2025-05-06,C0865,Keyboard,Electronics,5,258.63
O0443,2025-11-08,C0056,Keyboard,Electronics,3,178.83
O0444,2025-11-20,C0329,Office Chair,Furniture,8,1394.16
O0445,2025-07-09,C0178,Keyboard,Electronics,2,108.7
O0446,2025-04-30,C0036,Headphones,Electronics,2,194.39
O0447,2025-01-03,C0887,Watch,Accessories,3,515.09
O0448,2025-06-10,C0510,Keyboard,Electronics,4,201.15
O0449,2025-04-21,C0343,Headphones,Electronics,2,186.09
O0450,2025-11-10,C0948,Running Shoes,Clothing,8,947.68
O0451,2025-06-01,C0244,Office Chair,Furniture,2,350.69
O0452,2025-05-26,C0652,Desk Lamp,Home & Office,4,146.4
O0453,2025-07-12,C0435,Smartphone,Electronics,7,4506.54
O0454,2025-05-28,C0609,Mouse,Electronics,7,238.72
O0455,2025-09-10,C0779,Watch,Accessories,4,674.61
O0456,2025-06-10,C0060,Bookshelf,Furniture,7,1074.54
O0457,2025-12-10,C0279,Running Shoes,Clothing,6,774.31
O0458,2025-09-18,C0252,Bookshelf,Furniture,7,1061.5
O0459,2025-01-24,C0255,Keyboard,Electronics,7,357.17
O0460,2025-06-24,C0495,Monitor,Electronics,8,2280.69
O0461,2025-09-12,C0924,Watch,Accessories,5,860.12
O0462,2025-08-31,C0770,T-Shirt,Clothing,6,222.85
O0463,2025-11-12,C0124,Keyboard,Electronics,5,293.67
O0464,2025-09-27,C0051,Air Fryer,Home Appliances,4,529.94
O0465,2025-04-28,C0432,Air Fryer,Home Appliances,3,368.93
O0466,2025-01-07,C0553,Headphones,Electronics,8,729.78
O0467,2025-11-21,C0143,Blender,Home Appliances,8,579.26
O0468,2025-06-18,C0332,Bookshelf,Furniture,1,135.91
O0469,2025-05-12,C0384,Laptop,Electronics,7,6105.81
O0470,2025-01-23,C0285,Office Chair,Furniture,8,1543.62
O0471,2025-03-14,C0113,Desk Lamp,Home & Office,3,114.1
O0472,2025-12-26,C0544,Jacket,Clothing,8,1314.21
O0473,2025-03-26,C0577,Blender,Home Appliances,6,463.09
O0474,2025-11-08,C0015,Desk,Furniture,8,2105.56
O0475,2025-12-15,C0862,Air Fryer,Home Appliances,1,133.47
O0476,2025-08-21,C0158,Air Fryer,Home Appliances,7,881.99
O0477,2025-12-03,C0575,T-Shirt,Clothing,2,67.18
O0478,2025-07-30,C0252,Blender,Home Appliances,6,469.01
O0479,2025-05-06,C0958,Jacket,Clothing,3,429.36
O0480,2025-06-14,C0070,Keyboard,Electronics,1,55.34
O0481,2025-05-10,C0751,Smartphone,Electronics,8,5066.3
O0482,2025-11-25,C0681,Headphones,Electronics,2,168.32
O0483,2025-07-24,C0191,Running Shoes,Clothing,3,343.37
O0484,2025-01-31,C0552,Blender,Home Appliances,6,433.96
O0485,2025-12-01,C0381,Backpack,Accessories,1,68.69
O0486,2025-04-23,C0849,Laptop,Electronics,7,6381.26
O0487,2025-02-02,C0364,Backpack,Accessories,3,208.16
O0488,2025-04-16,C0790,Office Chair,Furniture,3,623.73
O0489,2025-10-11,C0035,Desk Lamp,Home & Office,7,298.19
O0490,2025-01-23,C0993,Air Fryer,Home Appliances,6,768.96
O0491,2025-04-24,C0400,Jeans,Clothing,1,72.53
O0492,2025-02-18,C0456,Blender,Home Appliances,4,315.35
O0493,2025-10-30,C0334,Bookshelf,Furniture,3,399.3
O0494,2025-11-07,C0782,Bookshelf,Furniture,3,399.79
O0495,2025-02-18,C0940,Laptop,Electronics,8,7360.24
O0496,2025-02-18,C0648,Office Chair,Furniture,8,1376.37
O0497,2025-08-09,C0574,Backpack,Accessories,6,366.0
O0498,2025-04-24,C0830,Smartphone,Electronics,3,1856.52
O0499,2025-09-21,C0721,Monitor,Electronics,1,301.29
O0500,2025-04-26,C0337,Mouse,Electronics,4,129.65
O0501,2025-11-14,C0078,Desk,Furniture,4,1078.45
O0502,2025-01-26,C0994,Coffee Maker,Home Appliances,5,498.83
O0503,2025-11-07,C0029,Jeans,Clothing,2,134.2
O0504,2025-03-28,C0910,Mouse,Electronics,5,186.26
O0505,2025-09-04,C0702,T-Shirt,Clothing,7,230.94
O0506,2025-09-04,C0796,Keyboard,Electronics,1,57.16
O0507,2025-02-25,C0046,Air Fryer,Home Appliances,7,964.44
O0508,2025-07-29,C0909,Bookshelf,Furniture,1,147.09
O0509,2025-10-24,C0516,Desk,Furniture,4,931.23
O0510,2025-10-31,C0356,Mouse,Electronics,7,255.25
O0511,2025-10-21,C0101,Headphones,Electronics,2,174.11
O0512,2025-06-13,C0171,Office Chair,Furniture,5,1005.22
O0513,2025-10-19,C0798,Mouse,Electronics,2,72.38
O0514,2025-04-16,C0024,Backpack,Accessories,8,512.7
O0515,2025-03-08,C0558,Headphones,Electronics,8,751.76
O0516,2025-02-04,C0022,Running Shoes,Clothing,8,1046.15
O0517,2025-04-23,C0414,T-Shirt,Clothing,1,32.37
O0518,2025-02-04,C0175,Smartphone,Electronics,5,2938.76
O0519,2025-03-09,C0533,Mouse,Electronics,8,283.58
O0520,2025-04-18,C0329,Desk Lamp,Home & Office,7,259.47
O0521,2025-09-19,C0602,Desk,Furniture,7,1847.14
O0522,2025-01-10,C0210,Air Fryer,Home Appliances,3,364.71
O0523,2025-02-11,C0459,Office Chair,Furniture,3,521.75
O0524,2025-07-29,C0505,Monitor,Electronics,2,528.33
O0525,2025-12-30,C0031,Office Chair,Furniture,7,1213.32
O0526,2025-07-03,C0510,Headphones,Electronics,6,578.77
O0527,2025-04-04,C0559,Mouse,Electronics,3,102.58
O0528,2025-10-12,C0456,Watch,Accessories,4,670.21
O0529,2025-07-11,C0894,Running Shoes,Clothing,6,754.69
O0530,2025-09-23,C0563,Laptop,Electronics,2,1700.88
O0531,2025-07-13,C0316,Blender,Home Appliances,4,287.84
O0532,2025-06-24,C0946,Mouse,Electronics,7,263.09
O0533,2025-06-09,C0308,Smartphone,Electronics,4,2646.55
O0534,2025-12-01,C0005,Backpack,Accessories,6,393.69
O0535,2025-10-19,C0051,Smartphone,Electronics,1,653.56
O0536,2025-09-26,C0086,Keyboard,Electronics,7,422.43
O0537,2025-09-23,C0342,Air Fryer,Home Appliances,3,356.93
O0538,2025-05-26,C0766,Wallet,Accessories,1,42.45
O0539,2025-08-13,C0470,Desk,Furniture,5,1126.99
O0540,2025-04-19,C0145,Jeans,Clothing,8,511.06
O0541,2025-11-15,C0160,Running Shoes,Clothing,2,243.29
O0542,2025-02-16,C0958,Bookshelf,Furniture,6,844.73
O0543,2025-08-03,C0779,Jacket,Clothing,5,693.34
O0544,2025-04-05,C0434,Bookshelf,Furniture,7,911.73
O0545,2025-01-21,C0430,Coffee Maker,Home Appliances,2,211.41
O0546,2025-07-15,C0326,Running Shoes,Clothing,8,1042.62
O0547,2025-07-26,C0240,T-Shirt,Clothing,6,196.04
O0548,2025-02-01,C0328,Office Chair,Furniture,1,173.36
O0549,2025-07-25,C0421,Office Chair,Furniture,1,189.14
O0550,2025-07-24,C0546,Wallet,Accessories,5,236.21
O0551,2025-11-06,C0153,Backpack,Accessories,1,61.55
O0552,2025-03-06,C0574,Desk Lamp,Home & Office,3,121.69
O0553,2025-03-19,C0312,Laptop,Electronics,1,906.0
O0554,2025-12-01,C0015,Blender,Home Appliances,7,505.21
O0555,2025-08-20,C0863,Desk,Furniture,6,1385.39
O0556,2025-08-01,C0642,Blender,Home Appliances,7,500.81
O0557,2025-01-24,C0374,Coffee Maker,Home Appliances,2,241.48
O0558,2025-01-25,C0381,Office Chair,Furniture,8,1523.13
O0559,2025-02-05,C0096,Laptop,Electronics,5,4172.76
O0560,2025-02-23,C0458,Jacket,Clothing,6,832.54
O0561,2025-01-08,C0319,Bookshelf,Furniture,8,1076.1
O0562,2025-01-02,C0736,Jeans,Clothing,2,145.05
O0563,2025-12-07,C0029,Coffee Maker,Home Appliances,3,338.74
O0564,2025-02-14,C0230,Desk,Furniture,6,1442.07
O0565,2025-02-19,C0330,Office Chair,Furniture,7,1228.36
O0566,2025-04-11,C0714,Keyboard,Electronics,7,380.51
O0567,2025-09-17,C0621,Office Chair,Furniture,3,531.44
O0568,2025-01-12,C0571,Keyboard,Electronics,7,406.17
O0569,2025-05-13,C0039,Desk,Furniture,2,546.25
O0570,2025-11-20,C0686,Keyboard,Electronics,3,177.28
O0571,2025-06-06,C0558,Office Chair,Furniture,4,766.46
O0572,2025-12-06,C0947,Backpack,Accessories,1,70.14
O0573,2025-04-26,C0288,Coffee Maker,Home Appliances,6,674.23
O0574,2025-08-27,C0701,Jacket,Clothing,1,151.12
O0575,2025-12-15,C0595,Blender,Home Appliances,2,155.64
O0576,2025-07-18,C0021,Watch,Accessories,5,935.87
O0577,2025-12-06,C0732,Headphones,Electronics,2,172.14
O0578,2025-12-11,C0188,Headphones,Electronics,3,263.6
O0579,2025-01-11,C0508,Desk Lamp,Home & Office,1,43.93
O0580,2025-05-18,C0470,Keyboard,Electronics,5,248.38
O0581,2025-08-15,C0954,Laptop,Electronics,8,7236.12
O0582,2025-01-08,C0901,Running Shoes,Clothing,7,827.96
O0583,2025-08-06,C0158,Office Chair,Furniture,2,363.47
O0584,2025-06-16,C0333,Coffee Maker,Home Appliances,6,689.3
O0585,2025-03-16,C0718,Watch,Accessories,5,880.74
O0586,2025-01-23,C0423,Watch,Accessories,3,493.76
O0587,2025-10-07,C0409,Desk,Furniture,1,259.73
O0588,2025-03-26,C0398,Laptop,Electronics,7,5990.81
O0589,2025-02-28,C0226,Smartphone,Electronics,8,5169.98
O0590,2025-07-13,C0246,Laptop,Electronics,2,1535.26
O0591,2025-11-28,C0995,Bookshelf,Furniture,7,933.92
O0592,2025-09-28,C0918,T-Shirt,Clothing,4,137.19
O0593,2025-07-12,C0615,Jacket,Clothing,7,1042.18
O0594,2025-01-04,C0178,Desk Lamp,Home & Office,8,298.14
O0595,2025-08-21,C0596,Laptop,Electronics,5,4501.31
O0596,2025-10-31,C0854,Bookshelf,Furniture,5,711.5
O0597,2025-12-15,C0649,Laptop,Electronics,1,799.69
O0598,2025-06-15,C0254,Desk,Furniture,2,484.87
O0599,2025-02-17,C0846,Jeans,Clothing,5,349.6
O0600,2025-10-17,C0935,Desk,Furniture,7,1612.72
O0601,2025-05-08,C0908,Jeans,Clothing,3,196.46
O0602,2025-07-28,C0422,Desk,Furniture,4,1024.23
O0603,2025-12-10,C0614,Desk Lamp,Home & Office,8,293.75
O0604,2025-10-09,C0505,Air Fryer,Home Appliances,7,867.72
O0605,2025-09-30,C0649,Smartphone,Electronics,6,3719.39
O0606,2025-08-27,C0153,Monitor,Electronics,5,1515.7
O0607,2025-09-04,C0480,Mouse,Electronics,1,37.67
O0608,2025-08-24,C0998,Bookshelf,Furniture,5,694.52
O0609,2025-10-06,C0770,Smartphone,Electronics,4,2265.33
O0610,2025-12-30,C0420,Bookshelf,Furniture,3,457.46
O0611,2025-10-06,C0732,Backpack,Accessories,3,175.55
O0612,2025-03-14,C0344,Backpack,Accessories,6,412.4
O0613,2025-08-27,C0510,Jacket,Clothing,5,807.81
O0614,2025-12-11,C0691,Keyboard,Electronics,3,157.78
O0615,2025-02-02,C0277,Mouse,Electronics,3,102.05
O0616,2025-04-05,C0044,Watch,Accessories,3,590.04
O0617,2025-06-11,C0799,Running Shoes,Clothing,7,770.88
O0618,2025-07-09,C0213,Office Chair,Furniture,4,728.4
O0619,2025-03-11,C0393,Headphones,Electronics,2,197.57
O0620,2025-12-23,C0725,Headphones,Electronics,8,672.0
O0621,2025-10-24,C0435,T-Shirt,Clothing,2,73.88
O0622,2025-12-24,C0457,Backpack,Accessories,1,66.26
O0623,2025-04-10,C0946,Smartphone,Electronics,8,5218.17
O0624,2025-10-27,C0838,Bookshelf,Furniture,5,756.05
O0625,2025-08-31,C0165,Blender,Home Appliances,4,288.61
O0626,2025-11-04,C0363,T-Shirt,Clothing,4,144.46
O0627,2025-07-15,C0687,Mouse,Electronics,6,200.57
O0628,2025-10-04,C0074,Wallet,Accessories,3,129.73
O0629,2025-02-22,C0289,T-Shirt,Clothing,5,184.86
O0630,2025-04-03,C0291,Watch,Accessories,2,346.26
O0631,2025-12-16,C0324,Jacket,Clothing,4,609.54
O0632,2025-03-21,C0190,Coffee Maker,Home Appliances,2,221.05
O0633,2025-07-13,C0665,Headphones,Electronics,2,188.86
O0634,2025-03-27,C0039,Office Chair,Furniture,7,1227.78
O0635,2025-11-01,C0350,Jacket,Clothing,3,479.53
O0636,2025-08-25,C0670,Keyboard,Electronics,7,354.08
O0637,2025-05-29,C0472,Headphones,Electronics,7,690.15
O0638,2025-09-06,C0928,Backpack,Accessories,5,305.16
O0639,2025-10-05,C0765,Wallet,Accessories,1,40.87
O0640,2025-06-08,C0828,Blender,Home Appliances,2,135.47
O0641,2025-04-27,C0588,Air Fryer,Home Appliances,3,428.7
O0642,2025-11-12,C0039,Desk Lamp,Home & Office,6,243.82
O0643,2025-12-25,C0435,Air Fryer,Home Appliances,5,690.95
O0644,2025-05-26,C0604,Laptop,Electronics,8,6404.65
O0645,2025-10-14,C0959,T-Shirt,Clothing,2,63.17
O0646,2025-01-31,C0078,Jeans,Clothing,6,393.88
O0647,2025-01-07,C0323,Office Chair,Furniture,8,1378.67
O0648,2025-10-09,C0285,Wallet,Accessories,8,381.67
O0649,2025-04-19,C0777,Desk,Furniture,5,1220.0
O0650,2025-04-09,C0812,T-Shirt,Clothing,2,65.04
O0651,2025-02-06,C0770,Watch,Accessories,7,1284.19
O0652,2025-05-17,C0182,Air Fryer,Home Appliances,6,738.77
O0653,2025-09-26,C0051,Backpack,Accessories,7,425.81
O0654,2025-08-24,C0728,Wallet,Accessories,8,324.93
O0655,2025-01-26,C0440,Desk Lamp,Home & Office,7,252.83
O0656,2025-01-12,C0214,Headphones,Electronics,4,344.5
O0657,2025-01-26,C0209,Jacket,Clothing,1,164.0
O0658,2025-09-29,C0688,Watch,Accessories,2,327.73
O0659,2025-04-16,C0466,Air Fryer,Home Appliances,5,692.59
O0660,2025-02-28,C0793,Coffee Maker,Home Appliances,7,844.1
O0661,2025-12-09,C0803,Desk,Furniture,6,1553.7
O0662,2025-01-09,C0790,Air Fryer,Home Appliances,1,133.67
O0663,2025-04-20,C0172,Monitor,Electronics,8,2097.65
O0664,2025-06-29,C0274,Desk Lamp,Home & Office,2,72.07
O0665,2025-03-18,C0803,Office Chair,Furniture,1,182.11
O0666,2025-02-01,C0573,Jeans,Clothing,5,383.71
O0667,2025-06-25,C0105,Laptop,Electronics,8,6977.81
O0668,2025-12-02,C0978,Jacket,Clothing,1,149.77
O0669,2025-12-13,C0201,Blender,Home Appliances,5,342.44
O0670,2025-10-04,C0863,Keyboard,Electronics,6,316.26
O0671,2025-11-27,C0238,Air Fryer,Home Appliances,4,540.57
O0672,2025-05-30,C0100,Office Chair,Furniture,4,700.0
O0673,2025-10-04,C0900,Desk,Furniture,4,994.76
O0674,2025-01-21,C0196,Air Fryer,Home Appliances,2,265.15
O0675,2025-03-26,C0744,Blender,Home Appliances,1,74.07
O0676,2025-12-31,C0971,Coffee Maker,Home Appliances,1,107.29
O0677,2025-02-23,C0450,T-Shirt,Clothing,2,73.06
O0678,2025-03-07,C0363,Air Fryer,Home Appliances,3,380.61
O0679,2025-06-22,C0628,Laptop,Electronics,5,4047.89
O0680,2025-09-09,C0128,Blender,Home Appliances,2,163.97
O0681,2025-02-12,C0368,Jeans,Clothing,1,67.6
O0682,2025-09-12,C0915,Jeans,Clothing,7,525.98
O0683,2025-03-28,C0176,Monitor,Electronics,6,1661.26
O0684,2025-03-22,C0463,Backpack,Accessories,4,246.57
O0685,2025-06-07,C0223,Office Chair,Furniture,7,1227.62
O0686,2025-08-28,C0683,Bookshelf,Furniture,5,706.55
O0687,2025-03-23,C0881,Smartphone,Electronics,8,4767.54
O0688,2025-05-22,C0789,Coffee Maker,Home Appliances,6,681.24
O0689,2025-03-10,C0436,Jacket,Clothing,3,446.68
O0690,2025-11-24,C0754,Monitor,Electronics,5,1417.33
O0691,2025-09-09,C0594,Laptop,Electronics,7,6470.04
O0692,2025-10-03,C0302,Air Fryer,Home Appliances,2,247.67
O0693,2025-03-16,C0136,Monitor,Electronics,8,2323.1
O0694,2025-03-10,C0268,Watch,Accessories,2,388.91
O0695,2025-03-18,C0698,Mouse,Electronics,8,293.7
O0696,2025-09-29,C0986,Wallet,Accessories,8,381.69
O0697,2025-02-16,C0008,Jeans,Clothing,6,381.68
O0698,2025-09-10,C0622,Wallet,Accessories,3,141.66
O0699,2025-01-16,C0386,Desk Lamp,Home & Office,8,294.46
O0700,2025-06-17,C0865,Desk,Furniture,8,1973.16
O0701,2025-08-08,C0960,Air Fryer,Home Appliances,1,134.94
O0702,2025-09-29,C0934,Jeans,Clothing,5,337.08
O0703,2025-02-02,C0312,T-Shirt,Clothing,7,247.62
O0704,2025-04-03,C0146,Desk Lamp,Home & Office,8,350.62
O0705,2025-05-19,C0756,Keyboard,Electronics,5,267.01
O0706,2025-07-28,C0983,Desk Lamp,Home & Office,6,249.29
O0707,2025-01-12,C0309,Jeans,Clothing,6,419.28
O0708,2025-02-21,C0450,T-Shirt,Clothing,7,250.0
O0709,2025-12-17,C0787,Headphones,Electronics,6,490.75
O0710,2025-07-25,C0392,Blender,Home Appliances,8,590.31
O0711,2025-02-24,C0772,Laptop,Electronics,3,2686.47
O0712,2025-08-27,C0728,Monitor,Electronics,7,1951.02
O0713,2025-08-29,C0671,Jeans,Clothing,7,493.98
O0714,2025-05-31,C0886,Keyboard,Electronics,1,59.16
O0715,2025-05-02,C0336,Blender,Home Appliances,4,325.67
O0716,2025-05-11,C0670,T-Shirt,Clothing,7,246.95
O0717,2025-12-24,C0384,T-Shirt,Clothing,1,36.41
O0718,2025-01-20,C0520,T-Shirt,Clothing,2,67.37
O0719,2025-01-24,C0862,Running Shoes,Clothing,7,795.07
O0720,2025-07-15,C0583,Watch,Accessories,1,195.02
O0721,2025-10-06,C0640,Air Fryer,Home Appliances,6,766.92
O0722,2025-11-29,C0162,Bookshelf,Furniture,4,605.25
O0723,2025-03-08,C0066,Monitor,Electronics,1,298.22
O0724,2025-01-15,C0633,Office Chair,Furniture,3,558.86
O0725,2025-05-02,C0889,Mouse,Electronics,5,161.23
O0726,2025-05-07,C0808,Running Shoes,Clothing,7,769.7
O0727,2025-09-24,C0600,Mouse,Electronics,5,177.2
O0728,2025-11-03,C0603,Headphones,Electronics,1,96.84
O0729,2025-11-20,C0158,Bookshelf,Furniture,7,896.97
O0730,2025-12-12,C0765,Headphones,Electronics,2,170.65
O0731,2025-05-27,C0583,Air Fryer,Home Appliances,8,1141.47
O0732,2025-05-11,C0157,Desk,Furniture,3,688.05
O0733,2025-04-04,C0362,Monitor,Electronics,1,292.66
O0734,2025-02-20,C0952,Headphones,Electronics,2,191.31
O0735,2025-03-22,C0916,Mouse,Electronics,6,211.37
O0736,2025-01-12,C0398,Monitor,Electronics,6,1724.54
O0737,2025-03-13,C0610,Watch,Accessories,7,1187.74
O0738,2025-12-28,C0834,Desk,Furniture,8,1857.42
O0739,2025-08-16,C0897,Wallet,Accessories,2,89.4
O0740,2025-03-16,C0895,Office Chair,Furniture,4,690.77
O0741,2025-05-02,C0390,Blender,Home Appliances,7,563.04
O0742,2025-08-22,C0958,Desk,Furniture,7,1715.22
O0743,2025-03-20,C0370,Jacket,Clothing,4,563.91
O0744,2025-11-27,C0785,Laptop,Electronics,2,1650.12
O0745,2025-07-05,C0235,Laptop,Electronics,7,6473.88
O0746,2025-10-13,C0564,T-Shirt,Clothing,7,230.5
O0747,2025-08-26,C0663,Coffee Maker,Home Appliances,2,218.9
O0748,2025-06-28,C0728,Keyboard,Electronics,1,58.95
O0749,2025-03-17,C0315,Bookshelf,Furniture,4,571.07
O0750,2025-02-20,C0538,Wallet,Accessories,5,245.59
O0751,2025-07-08,C0984,Laptop,Electronics,4,3351.05
O0752,2025-06-17,C0776,Air Fryer,Home Appliances,6,822.21
O0753,2025-07-29,C0347,Coffee Maker,Home Appliances,8,923.39
O0754,2025-12-24,C0106,Blender,Home Appliances,1,79.45
O0755,2025-03-14,C0123,Coffee Maker,Home Appliances,4,482.79
O0756,2025-06-07,C0740,Headphones,Electronics,2,175.67
O0757,2025-05-26,C0268,Jacket,Clothing,1,154.07
O0758,2025-04-10,C0206,Wallet,Accessories,2,88.09
O0759,2025-08-11,C0457,Monitor,Electronics,6,1698.85
O0760,2025-09-17,C0401,Coffee Maker,Home Appliances,6,699.52
O0761,2025-11-20,C0861,T-Shirt,Clothing,6,205.94
O0762,2025-09-27,C0373,Jacket,Clothing,5,723.53
O0763,2025-08-25,C0021,Backpack,Accessories,4,240.69
O0764,2025-09-04,C0556,Mouse,Electronics,4,153.68
O0765,2025-03-08,C0924,Wallet,Accessories,5,240.94
O0766,2025-06-15,C0961,Jacket,Clothing,2,275.7
O0767,2025-07-18,C0771,Blender,Home Appliances,5,360.61
O0768,2025-05-29,C0213,Jacket,Clothing,1,153.13
O0769,2025-12-22,C0681,Mouse,Electronics,5,183.45
O0770,2025-06-10,C0805,Air Fryer,Home Appliances,6,775.69
O0771,2025-03-08,C0126,Wallet,Accessories,6,274.06
O0772,2025-01-20,C0723,Headphones,Electronics,4,391.27
O0773,2025-04-08,C0108,Air Fryer,Home Appliances,2,236.47
O0774,2025-01-31,C0816,Backpack,Accessories,8,476.11
O0775,2025-07-09,C0655,Laptop,Electronics,4,3152.86
O0776,2025-12-25,C0066,Mouse,Electronics,7,259.51
O0777,2025-01-01,C0345,Smartphone,Electronics,2,1252.16
O0778,2025-06-16,C0340,Backpack,Accessories,2,125.02
O0779,2025-12-30,C0818,Watch,Accessories,8,1487.85
O0780,2025-11-17,C0685,Backpack,Accessories,8,562.82
O0781,2025-12-16,C0259,Headphones,Electronics,1,90.71
O0782,2025-09-01,C0742,Blender,Home Appliances,5,341.6
O0783,2025-02-20,C0122,Laptop,Electronics,5,4296.01
O0784,2025-04-22,C0935,Blender,Home Appliances,7,529.83
O0785,2025-08-28,C0956,Mouse,Electronics,5,161.07
O0786,2025-01-18,C0558,Air Fryer,Home Appliances,7,975.26
O0787,2025-05-25,C0606,Jeans,Clothing,7,498.03
O0788,2025-11-08,C0859,T-Shirt,Clothing,8,252.87
O0789,2025-03-11,C0799,Air Fryer,Home Appliances,5,588.05
O0790,2025-09-18,C0940,Headphones,Electronics,4,384.22
O0791,2025-08-10,C0061,Desk,Furniture,5,1328.8
O0792,2025-08-28,C0263,Monitor,Electronics,4,1186.87
O0793,2025-05-24,C0398,Running Shoes,Clothing,8,1015.49
O0794,2025-09-23,C0274,Smartphone,Electronics,4,2404.52
O0795,2025-04-01,C0298,Air Fryer,Home Appliances,7,858.39
O0796,2025-10-02,C0449,Office Chair,Furniture,2,387.36
O0797,2025-04-01,C0984,Watch,Accessories,1,197.7
O0798,2025-01-07,C0806,Desk Lamp,Home & Office,1,41.97
O0799,2025-06-14,C0818,Desk,Furniture,8,1908.17
O0800,2025-04-01,C0332,Bookshelf,Furniture,7,1066.76
O0801,2025-02-21,C0181,Smartphone,Electronics,3,1731.95
O0802,2025-08-06,C0787,Coffee Maker,Home Appliances,1,120.99
O0803,2025-03-16,C0011,Watch,Accessories,5,909.47
O0804,2025-04-03,C0214,Smartphone,Electronics,6,3595.05
O0805,2025-02-09,C0080,Coffee Maker,Home Appliances,8,867.83
O0806,2025-09-25,C0888,Jacket,Clothing,3,437.44
O0807,2025-07-15,C0402,Monitor,Electronics,1,280.34
O0808,2025-04-26,C0770,Headphones,Electronics,2,178.12
O0809,2025-06-07,C0635,T-Shirt,Clothing,1,36.48
O0810,2025-06-22,C0453,Watch,Accessories,6,1141.8
O0811,2025-07-19,C0242,Monitor,Electronics,4,1066.72
O0812,2025-07-01,C0886,T-Shirt,Clothing,3,95.14
O0813,2025-11-26,C0573,Backpack,Accessories,4,283.54
O0814,2025-09-29,C0810,Monitor,Electronics,5,1493.43
O0815,2025-06-24,C0744,Keyboard,Electronics,6,308.41
O0816,2025-05-01,C0769,Keyboard,Electronics,3,160.32
O0817,2025-02-09,C0114,Coffee Maker,Home Appliances,5,596.85
O0818,2025-07-12,C0235,Bookshelf,Furniture,2,287.01
O0819,2025-06-07,C0122,Smartphone,Electronics,1,659.12
O0820,2025-09-11,C0923,Keyboard,Electronics,4,235.89
O0821,2025-09-13,C0690,Jeans,Clothing,4,267.04
O0822,2025-03-30,C0087,Bookshelf,Furniture,1,152.26
O0823,2025-06-23,C0337,Monitor,Electronics,2,600.4
O0824,2025-01-21,C0266,Wallet,Accessories,1,44.25
O0825,2025-04-13,C0952,Jacket,Clothing,1,152.7
O0826,2025-12-04,C0813,Bookshelf,Furniture,4,518.47
O0827,2025-01-12,C0366,Keyboard,Electronics,3,161.34
O0828,2025-06-25,C0111,Desk,Furniture,4,999.96
O0829,2025-01-01,C0735,Laptop,Electronics,7,5768.56
O0830,2025-05-01,C0720,Wallet,Accessories,3,145.99
O0831,2025-12-05,C0999,Backpack,Accessories,4,269.14
O0832,2025-12-15,C0404,Wallet,Accessories,3,127.87
O0833,2025-12-11,C0659,Laptop,Electronics,8,6489.32
O0834,2025-09-11,C0229,Jeans,Clothing,2,136.94
O0835,2025-10-31,C0114,Office Chair,Furniture,2,376.23
O0836,2025-05-18,C0267,Keyboard,Electronics,2,105.97
O0837,2025-09-09,C0155,Desk Lamp,Home & Office,1,36.75
O0838,2025-11-15,C0404,Headphones,Electronics,1,87.14
O0839,2025-02-11,C0427,T-Shirt,Clothing,6,216.66
O0840,2025-05-18,C0151,Wallet,Accessories,6,292.77
O0841,2025-08-29,C0839,Laptop,Electronics,4,3427.65
O0842,2025-07-21,C0424,Bookshelf,Furniture,5,663.11
O0843,2025-07-04,C0652,Headphones,Electronics,1,97.51
O0844,2025-06-06,C0091,Laptop,Electronics,4,3399.24
O0845,2025-06-24,C0111,Desk Lamp,Home & Office,3,111.75
O0846,2025-10-14,C0016,Laptop,Electronics,3,2666.27
O0847,2025-01-11,C0409,Headphones,Electronics,5,440.89
O0848,2025-03-05,C0860,Desk,Furniture,3,795.3
O0849,2025-03-23,C0807,Coffee Maker,Home Appliances,1,105.2
O0850,2025-05-08,C0779,Jeans,Clothing,1,76.33
O0851,2025-02-05,C0863,Mouse,Electronics,1,35.81
O0852,2025-12-01,C0472,Running Shoes,Clothing,5,573.9
O0853,2025-03-16,C0924,Air Fryer,Home Appliances,6,724.53
O0854,2025-12-12,C0692,Wallet,Accessories,6,279.97
O0855,2025-04-26,C0660,Monitor,Electronics,4,1178.93
O0856,2025-03-13,C0070,Mouse,Electronics,8,272.01
O0857,2025-05-14,C0025,Watch,Accessories,1,184.59
O0858,2025-04-05,C0409,Running Shoes,Clothing,5,566.12
O0859,2025-11-10,C0692,Wallet,Accessories,4,188.46
O0860,2025-10-18,C0930,Wallet,Accessories,3,131.55
O0861,2025-06-05,C0778,Mouse,Electronics,6,228.13
O0862,2025-06-03,C0645,Monitor,Electronics,4,1184.94
O0863,2025-09-05,C0883,Running Shoes,Clothing,6,688.93
O0864,2025-07-21,C0033,T-Shirt,Clothing,6,228.24
O0865,2025-05-21,C0617,Headphones,Electronics,5,455.24
O0866,2025-11-19,C0972,Monitor,Electronics,5,1473.49
O0867,2025-04-21,C0764,T-Shirt,Clothing,1,36.5
O0868,2025-01-30,C0862,Jeans,Clothing,3,221.73
O0869,2025-07-13,C0402,Watch,Accessories,6,997.41
O0870,2025-02-18,C0674,Office Chair,Furniture,7,1292.55
O0871,2025-11-17,C0056,Mouse,Electronics,4,129.01
O0872,2025-04-20,C0296,Jeans,Clothing,5,364.66
O0873,2025-06-24,C0724,Wallet,Accessories,6,283.66
O0874,2025-03-17,C0260,Wallet,Accessories,8,351.25
O0875,2025-04-29,C0494,T-Shirt,Clothing,8,279.36
O0876,2025-07-12,C0121,Air Fryer,Home Appliances,2,277.3
O0877,2025-01-19,C0411,Air Fryer,Home Appliances,1,140.34
O0878,2025-11-03,C0857,Backpack,Accessories,6,411.88
O0879,2025-10-03,C0876,Desk,Furniture,8,2050.12
O0880,2025-11-07,C0362,Jeans,Clothing,1,65.82
O0881,2025-03-28,C0811,Blender,Home Appliances,8,621.88
O0882,2025-08-22,C0808,Bookshelf,Furniture,4,595.51
O0883,2025-03-17,C0292,T-Shirt,Clothing,7,258.66
O0884,2025-06-30,C0905,Bookshelf,Furniture,4,559.11
O0885,2025-11-05,C0957,Mouse,Electronics,3,109.81
O0886,2025-09-26,C0586,Watch,Accessories,6,1069.49
O0887,2025-06-08,C0572,Desk,Furniture,7,1871.71
O0888,2025-11-22,C0210,Bookshelf,Furniture,5,726.7
O0889,2025-09-22,C0314,Air Fryer,Home Appliances,4,468.33
O0890,2025-06-01,C0545,Blender,Home Appliances,1,79.96
O0891,2025-12-17,C0207,Smartphone,Electronics,3,1900.31
O0892,2025-10-29,C0389,Headphones,Electronics,3,289.58
O0893,2025-10-18,C0745,Smartphone,Electronics,7,4317.2
O0894,2025-04-09,C0796,Headphones,Electronics,7,589.59
O0895,2025-08-07,C0499,T-Shirt,Clothing,8,296.28
O0896,2025-07-31,C0268,Air Fryer,Home Appliances,6,828.3
O0897,2025-11-24,C0477,Headphones,Electronics,6,588.21
O0898,2025-01-17,C0096,Blender,Home Appliances,4,289.77
O0899,2025-03-08,C0322,Monitor,Electronics,1,257.58
O0900,2025-01-06,C0274,Smartphone,Electronics,2,1336.38
O0901,2025-03-02,C0955,Jacket,Clothing,7,1120.35
O0902,2025-03-23,C0068,Keyboard,Electronics,6,335.25
O0903,2025-10-04,C0468,Backpack,Accessories,4,265.81
O0904,2025-03-21,C0866,Jeans,Clothing,6,386.18
O0905,2025-08-20,C0157,Wallet,Accessories,7,336.37
O0906,2025-04-14,C0423,Monitor,Electronics,2,553.03
O0907,2025-12-28,C0389,Bookshelf,Furniture,1,143.72
O0908,2025-07-03,C0748,Blender,Home Appliances,8,655.47
O0909,2025-09-23,C0729,Bookshelf,Furniture,5,684.75
O0910,2025-05-07,C0473,Desk,Furniture,1,235.19
O0911,2025-10-28,C0473,T-Shirt,Clothing,4,133.61
O0912,2025-03-06,C0556,Backpack,Accessories,4,246.41
O0913,2025-02-19,C0889,Watch,Accessories,6,1101.04
O0914,2025-01-15,C0940,Office Chair,Furniture,6,1149.06
O0915,2025-10-24,C0017,Bookshelf,Furniture,3,421.01
O0916,2025-12-22,C0111,Mouse,Electronics,1,31.83
O0917,2025-07-28,C0970,Jeans,Clothing,8,591.16
O0918,2025-06-07,C0049,Desk Lamp,Home & Office,8,345.49
O0919,2025-04-09,C0983,T-Shirt,Clothing,6,215.61
O0920,2025-10-19,C0742,Blender,Home Appliances,1,71.71
O0921,2025-06-13,C0973,Air Fryer,Home Appliances,8,1123.73
O0922,2025-09-19,C0691,Bookshelf,Furniture,3,387.31
O0923,2025-08-16,C0478,Wallet,Accessories,2,97.83
O0924,2025-03-28,C0098,T-Shirt,Clothing,1,37.71
O0925,2025-12-28,C0458,Wallet,Accessories,3,140.4
O0926,2025-06-25,C0025,Bookshelf,Furniture,2,273.87
O0927,2025-10-07,C0831,Jacket,Clothing,8,1253.86
O0928,2025-12-27,C0834,Watch,Accessories,3,532.73
O0929,2025-02-11,C0710,Air Fryer,Home Appliances,5,645.66
O0930,2025-11-11,C0170,Blender,Home Appliances,5,353.54
O0931,2025-01-02,C0436,Bookshelf,Furniture,7,1013.3
O0932,2025-01-30,C0566,Watch,Accessories,2,365.57
O0933,2025-08-09,C0358,Watch,Accessories,4,658.39
O0934,2025-07-24,C0195,Monitor,Electronics,8,2396.97
O0935,2025-05-25,C0489,Wallet,Accessories,8,349.81
O0936,2025-03-20,C0945,Mouse,Electronics,2,76.5
O0937,2025-05-01,C0624,Keyboard,Electronics,3,149.28
O0938,2025-06-02,C0806,Running Shoes,Clothing,1,113.58
O0939,2025-03-24,C0073,Keyboard,Electronics,2,100.57
O0940,2025-05-11,C0659,Wallet,Accessories,7,301.1
O0941,2025-11-02,C0331,Watch,Accessories,6,996.51
O0942,2025-07-09,C0826,Laptop,Electronics,5,4562.89
O0943,2025-04-11,C0992,Keyboard,Electronics,3,169.91
O0944,2025-08-05,C0828,Jeans,Clothing,8,581.63
O0945,2025-04-03,C0368,Desk Lamp,Home & Office,3,126.03
O0946,2025-02-22,C0159,Coffee Maker,Home Appliances,3,331.23
O0947,2025-02-12,C0510,Office Chair,Furniture,5,946.27
O0948,2025-12-18,C0965,Desk Lamp,Home & Office,1,40.25
O0949,2025-06-02,C0105,Bookshelf,Furniture,1,138.89
O0950,2025-10-12,C0804,Monitor,Electronics,6,1672.69
O0951,2025-04-26,C0889,Smartphone,Electronics,4,2441.42
O0952,2025-01-27,C0501,Monitor,Electronics,7,2152.28
O0953,2025-01-16,C0757,Air Fryer,Home Appliances,3,355.33
O0954,2025-09-05,C0304,Desk Lamp,Home & Office,1,40.29
O0955,2025-06-17,C0346,Jeans,Clothing,6,378.16
O0956,2025-10-03,C0979,Monitor,Electronics,3,871.08
O0957,2025-08-23,C0923,Desk Lamp,Home & Office,3,111.75
O0958,2025-04-29,C0423,Backpack,Accessories,2,138.75
O0959,2025-11-13,C0306,Smartphone,Electronics,2,1231.66
O0960,2025-04-23,C0996,Jeans,Clothing,3,221.44
O0961,2025-10-28,C0689,Watch,Accessories,8,1332.14
O0962,2025-04-19,C0666,Jeans,Clothing,4,277.26
O0963,2025-02-11,C0099,Running Shoes,Clothing,4,465.24
O0964,2025-12-28,C0587,Air Fryer,Home Appliances,3,398.44
O0965,2025-06-28,C0964,Air Fryer,Home Appliances,1,131.62
O0966,2025-07-03,C0169,Air Fryer,Home Appliances,6,773.41
O0967,2025-01-08,C0315,Air Fryer,Home Appliances,5,710.88
O0968,2025-09-01,C0976,Headphones,Electronics,7,572.97
O0969,2025-12-11,C0617,Monitor,Electronics,7,2145.5
O0970,2025-07-24,C0717,Keyboard,Electronics,3,175.48
O0971,2025-10-12,C0795,Wallet,Accessories,3,127.69
O0972,2025-04-13,C0473,Running Shoes,Clothing,1,120.2
O0973,2025-12-31,C0253,Watch,Accessories,3,493.19
O0974,2025-06-03,C0149,Office Chair,Furniture,1,196.38
O0975,2025-07-20,C0336,Wallet,Accessories,1,46.88
O0976,2025-02-07,C0447,Jacket,Clothing,7,978.49
O0977,2025-05-20,C0695,Jeans,Clothing,2,140.39
O0978,2025-08-21,C0502,Watch,Accessories,2,359.18
O0979,2025-11-13,C0327,Coffee Maker,Home Appliances,8,935.58
O0980,2025-09-18,C0662,Jacket,Clothing,3,457.77
O0981,2025-04-21,C0134,Air Fryer,Home Appliances,6,834.19
O0982,2025-03-03,C0832,Running Shoes,Clothing,7,821.64
O0983,2025-10-04,C0466,Desk Lamp,Home & Office,4,175.48
O0984,2025-09-09,C0213,Jeans,Clothing,2,148.96
O0985,2025-06-09,C0416,Monitor,Electronics,1,277.67
O0986,2025-12-11,C0699,Air Fryer,Home Appliances,4,530.36
O0987,2025-03-08,C0577,Office Chair,Furniture,3,528.76
O0988,2025-03-31,C0462,Headphones,Electronics,6,556.86
O0989,2025-12-06,C0366,Jeans,Clothing,3,219.86
O0990,2025-11-30,C0623,Desk,Furniture,2,541.08
O0991,2025-02-01,C0392,Keyboard,Electronics,7,412.14
O0992,2025-06-19,C0082,Blender,Home Appliances,7,566.09
O0993,2025-07-09,C0827,Laptop,Electronics,8,7055.72
O0994,2025-08-12,C0011,Jeans,Clothing,8,581.28
O0995,2025-01-10,C0744,Monitor,Electronics,5,1262.02
O0996,2025-09-10,C0851,Desk Lamp,Home & Office,4,160.22
O0997,2025-09-08,C0729,Air Fryer,Home Appliances,7,972.08
O0998,2025-06-05,C0312,Bookshelf,Furniture,1,136.84
O0999,2025-01-21,C0522,Coffee Maker,Home Appliances,2,223.99
O1000,2025-06-05,C0692,Running Shoes,Clothing,5,658.08
